-1.9584308862686157,0.12529997527599335,0.20030219852924347,0.47738194465637207,4.498597621917725
-5.472620010375977,-0.7659434080123901,-0.6628223955631256,-0.5925753563642502,0.7465087175369263
-0.9166685342788696,-0.034125350415706635,0.028429264202713966,0.15780502557754517,6.964822769165039
-3.5240631103515625,-0.7289519011974335,-0.6320905387401581,-0.554130420088768,0.677756667137146
-1.4903372526168823,-0.0648220032453537,0.008806293830275536,0.15304714441299438,9.968073844909668
-3.69844913482666,-0.752948060631752,-0.6465084254741669,-0.5671771168708801,0.7727594375610352
-6.220067501068115,0.08543258905410767,0.18034009635448456,0.42537224292755127,6.164366722106934
-4.023791313171387,-0.7954250574111938,-0.6731860041618347,-0.5891643315553665,0.9195593595504761
-2.050244092941284,-0.0343526192009449,0.07471003383398056,0.27977871894836426,7.566654682159424
-4.364095211029053,-0.8422388583421707,-0.696975827217102,-0.6051714718341827,1.0457408428192139
-1.99275803565979,0.03247915953397751,0.15756197273731232,0.4206525981426239,4.716390609741211
-4.618422985076904,-0.8691809922456741,-0.7088411450386047,-0.6116923093795776,1.114250898361206
-0.686842143535614,0.041832540184259415,0.13818392157554626,0.38499683141708374,9.48869800567627
-4.78896951675415,-0.8811922073364258,-0.7091629207134247,-0.6122052073478699,1.069633960723877
-1.644593596458435,0.04155902564525604,0.13302753865718842,0.3843761682510376,10.205693244934082
-5.1304450035095215,-0.8872659057378769,-0.7103203535079956,-0.6115501075983047,0.893673300743103
-4.647250652313232,0.03598465397953987,0.13221357762813568,0.3675505518913269,12.669340133666992
-5.414365291595459,-0.8993567824363708,-0.7162176370620728,-0.6172710657119751,0.699779748916626
-1.410697340965271,-0.017981870099902153,0.09979479014873505,0.3651789426803589,6.915420055389404
-5.656056880950928,-0.9204757660627365,-0.7298710346221924,-0.627973809838295,0.5880327224731445
-1.7008886337280273,0.06029755622148514,0.1803407073020935,0.4759737551212311,6.66956901550293
-5.849752902984619,-0.9535441696643829,-0.7501275539398193,-0.641985297203064,0.5403649806976318
-1.1186050176620483,0.1143576055765152,0.22535888850688934,0.5570300817489624,5.898155689239502
-5.969806671142578,-0.9893955737352371,-0.7681102156639099,-0.659553125500679,0.517703115940094
-3.0841314792633057,0.16858772933483124,0.2794639468193054,0.6189603805541992,5.3995819091796875
-5.993562698364258,-0.9907447546720505,-0.7710556983947754,-0.663014680147171,0.8805074691772461
-2.3490500450134277,0.13833178579807281,0.24067902565002441,0.554628849029541,3.9934067726135254
-6.138209819793701,-0.9687227159738541,-0.764289140701294,-0.6602071225643158,1.1443946361541748
-3.6567800045013428,0.0967082604765892,0.2054145187139511,0.5036347508430481,4.985905170440674
-6.287347793579102,-0.9482344835996628,-0.7580147385597229,-0.6593891680240631,1.280487060546875
-2.6151938438415527,0.08986581116914749,0.18569587171077728,0.4829018712043762,6.114607810974121
-6.443824768066406,-0.9462438076734543,-0.7629184424877167,-0.6656312197446823,0.9942977428436279
-1.8421000242233276,0.10925308614969254,0.22642937302589417,0.5316389799118042,4.37636661529541
-6.527606964111328,-0.9705779552459717,-0.7794725298881531,-0.6810907572507858,0.4270900785923004
-0.7770159244537354,0.13761375844478607,0.2555758059024811,0.5970134735107422,6.1359052658081055
-6.520243167877197,-0.9897365868091583,-0.794123500585556,-0.6940608620643616,0.22369152307510376
-5.8044962882995605,0.16983650624752045,0.2844374477863312,0.6407262086868286,17.008068084716797
-6.580957412719727,-0.9959506094455719,-0.801122784614563,-0.7023925185203552,0.16554778814315796
-1.669906497001648,0.19107680022716522,0.3014991581439972,0.6562598943710327,21.643482208251953
-6.714905261993408,-1.0037619471549988,-0.8043440282344818,-0.7068884074687958,0.09295511245727539
-1.3292968273162842,0.10327257215976715,0.22051115334033966,0.5499531030654907,5.441242694854736
-6.8475165367126465,-1.0082550048828125,-0.8085323572158813,-0.7112951874732971,0.1528477668762207
-2.817004442214966,0.1242489144206047,0.23743723332881927,0.5789634585380554,6.091180324554443
-6.872040271759033,-1.0054180324077606,-0.8103620409965515,-0.7182245552539825,0.5067133903503418
-2.4641807079315186,0.14346693456172943,0.25713348388671875,0.6082924604415894,5.473711013793945
-7.258600234985352,-1.0308150053024292,-0.8245071470737457,-0.7261742353439331,0.09901685267686844
-1.9115142822265625,0.21234790980815887,0.3267276883125305,0.7351769208908081,5.74969482421875
-7.419978141784668,-1.0570228099822998,-0.8337705433368683,-0.7301811873912811,-0.20645159482955933
-3.0836005210876465,0.19337530434131622,0.2979256510734558,0.6460382342338562,5.3445539474487305
-7.388941287994385,-1.027722716331482,-0.8229205906391144,-0.7262755632400513,-0.20611976087093353
-2.441255569458008,0.1916307657957077,0.30741289258003235,0.702038049697876,6.1820068359375
-7.279710292816162,-1.0433926582336426,-0.8228921294212341,-0.721816748380661,-0.18757489323616028
-1.3420261144638062,0.19074729084968567,0.3085540235042572,0.6776105165481567,8.782048225402832
-7.6823039054870605,-1.0446676313877106,-0.8197495937347412,-0.7158689200878143,-0.04544800519943237
-1.3316380977630615,0.17730554938316345,0.28918054699897766,0.654655933380127,9.002691268920898
-7.661858081817627,-1.0354997515678406,-0.809816300868988,-0.7071949541568756,0.022181570529937744
-3.271923780441284,0.12077349424362183,0.24271021783351898,0.6049649715423584,8.05704116821289
-7.526803016662598,-1.0179243981838226,-0.8025045692920685,-0.7009217888116837,0.07790380716323853
-1.3331784009933472,0.14662574231624603,0.2671201527118683,0.6390706896781921,7.554534912109375
-7.7891364097595215,-1.041781634092331,-0.8114336133003235,-0.7051388770341873,0.16078686714172363
-0.9902519583702087,0.1761435568332672,0.30407190322875977,0.6940691471099854,6.7724714279174805
-7.540899276733398,-1.055473417043686,-0.8192650079727173,-0.7092709094285965,0.27350369095802307
-2.054758310317993,0.15227623283863068,0.25698134303092957,0.6092898845672607,14.200641632080078
-7.854555606842041,-1.0298064053058624,-0.8102701604366302,-0.7122945189476013,0.35706740617752075
-1.1141237020492554,0.18367411196231842,0.34773585200309753,0.7850052118301392,6.978193283081055
-6.750772476196289,-1.2208915948867798,-0.9151161015033722,-0.7489966303110123,-0.049244873225688934
-1.1955732107162476,0.16416998207569122,0.2924553155899048,0.6991758346557617,21.013900756835938
-8.57917594909668,-1.07001993060112,-0.8241319954395294,-0.7124152183532715,-0.08936309814453125
-2.4813294410705566,0.17921285331249237,0.2828995883464813,0.6154647469520569,21.554080963134766
-8.994115829467773,-1.0338893234729767,-0.8056539297103882,-0.706782341003418,-0.0824192464351654
-0.6917431950569153,0.22935643792152405,0.34850239753723145,0.7540414333343506,8.839483261108398
-8.167204856872559,-1.0479688942432404,-0.8112308382987976,-0.711625337600708,-0.11591911315917969
-1.3881932497024536,0.13106250762939453,0.2690682113170624,0.6671966314315796,9.136054992675781
-7.504312038421631,-1.1449695229530334,-0.8592210412025452,-0.7288310676813126,-0.1467013657093048
-2.415602445602417,0.22020938992500305,0.3534697890281677,0.7954033613204956,7.168766975402832
-7.890239715576172,-1.1282998919487,-0.8479857742786407,-0.7252134531736374,-0.21679529547691345
-2.6744353771209717,0.1942615509033203,0.3182588517665863,0.7092718482017517,6.253849983215332
-8.637271881103516,-1.0440492928028107,-0.8102785646915436,-0.7100537419319153,-0.19859102368354797
-1.5264607667922974,0.18044285476207733,0.28624844551086426,0.611535370349884,7.686667442321777
-8.63591194152832,-1.0037814676761627,-0.7904115319252014,-0.700473740696907,-0.052768826484680176
-2.760857105255127,0.18464937806129456,0.29819074273109436,0.6832852363586426,10.731754302978516
-8.059088706970215,-1.0306751430034637,-0.8033400177955627,-0.7094617933034897,-0.03244578838348389
-1.4082553386688232,0.21371734142303467,0.3690231740474701,0.8417749404907227,16.11782455444336
-7.9310150146484375,-1.1337673664093018,-0.8485330939292908,-0.726803719997406,-0.09705662727355957
-6.217299938201904,0.22487898170948029,0.37530601024627686,0.8440991044044495,5.057013034820557
-8.485010147094727,-1.1404513716697693,-0.8497242331504822,-0.7223506718873978,-0.1270161271095276
-3.3528759479522705,0.19589446485042572,0.3116454780101776,0.7018204927444458,6.431014060974121
-8.838536262512207,-1.0645397901535034,-0.8123264610767365,-0.7002499997615814,-0.18441683053970337
-1.9834470748901367,0.1418890357017517,0.24421270191669464,0.5739142894744873,5.191057205200195
-8.24133014678955,-1.0250567495822906,-0.798119843006134,-0.6999925523996353,-0.11250942945480347
-2.1585049629211426,0.16313496232032776,0.2803635597229004,0.6708080768585205,4.752464294433594
-8.147745132446289,-1.0836627781391144,-0.8307801485061646,-0.7162330597639084,-0.2294841855764389
-1.8829443454742432,0.1853337585926056,0.3149522542953491,0.7199017405509949,8.902467727661133
-9.291030883789062,-1.1139276325702667,-0.8416635394096375,-0.7211560904979706,-0.2663474678993225
-2.025643825531006,0.187979057431221,0.30999335646629333,0.7035599946975708,13.788042068481445
-9.512272834777832,-1.0816310346126556,-0.8284558653831482,-0.7172146290540695,-0.19074979424476624
-1.793186068534851,0.15810450911521912,0.2760905921459198,0.6432177424430847,6.191746711730957
-7.89694356918335,-1.0656351447105408,-0.8209466636180878,-0.7173396497964859,-0.06886649131774902
-5.892851829528809,0.19620917737483978,0.32999035716056824,0.7205908298492432,4.021151065826416
-7.627890110015869,-1.0887653529644012,-0.8357599079608917,-0.7242448031902313,-0.13277286291122437
-1.5007339715957642,0.24292877316474915,0.3731420636177063,0.8096499443054199,6.7116312980651855
-8.493507385253906,-1.0935310125350952,-0.8377048671245575,-0.7261975258588791,-0.08823806047439575
-0.9523116946220398,0.17868338525295258,0.301919162273407,0.7052738666534424,9.114171981811523
-8.048545837402344,-1.0857826173305511,-0.833739161491394,-0.7244745045900345,-0.15801650285720825
-1.2200868129730225,0.16437439620494843,0.28874820470809937,0.6832481622695923,5.733391761779785
-7.52375602722168,-1.0764866173267365,-0.826831579208374,-0.7204806506633759,-0.10329866409301758
-1.496620535850525,0.17537765204906464,0.2880820035934448,0.6523774862289429,4.332875728607178
-8.30790901184082,-1.0710959732532501,-0.8194293975830078,-0.7131486386060715,-0.23643052577972412
-5.938526630401611,0.182020366191864,0.3195992410182953,0.7401971817016602,5.495549201965332
-8.224679946899414,-1.105668306350708,-0.8388378620147705,-0.7174301147460938,-0.17557501792907715
-2.1559767723083496,0.14901208877563477,0.2600320279598236,0.6199527978897095,8.6214599609375
-7.3557963371276855,-1.0623737573623657,-0.8173532485961914,-0.7110090851783752,-0.2458408772945404
-1.4842582941055298,0.18182925879955292,0.2867400050163269,0.6489763259887695,5.8797407150268555
-8.202383995056152,-1.0430458784103394,-0.8069104552268982,-0.707332655787468,-0.23130959272384644
-5.818016529083252,0.1949750781059265,0.33328011631965637,0.7620482444763184,6.34438943862915
-8.452404022216797,-1.1606375873088837,-0.8631294071674347,-0.7283143401145935,-0.2539621889591217
-1.2592087984085083,0.16062627732753754,0.2697870433330536,0.6202316284179688,5.560602188110352
-8.251005172729492,-1.032010555267334,-0.8013551831245422,-0.707112193107605,-0.1443936824798584
-0.699206531047821,0.1762928068637848,0.3077346086502075,0.7020026445388794,6.4439592361450195
-7.106074810028076,-1.146542251110077,-0.8587051033973694,-0.72847580909729,-0.393786758184433
-1.3848798274993896,0.22141264379024506,0.35373803973197937,0.7723175287246704,9.819961547851562
-9.024369239807129,-1.1111573576927185,-0.8386577665805817,-0.7192703187465668,-0.4441550076007843
-1.1472111940383911,0.12558740377426147,0.228237584233284,0.5487170219421387,6.117198944091797
-8.009456634521484,-1.0400408208370209,-0.8113327920436859,-0.7160330265760422,-0.22080841660499573
-1.595354437828064,0.18573127686977386,0.3111051619052887,0.7225396633148193,5.883062362670898
-7.229196548461914,-1.0963182151317596,-0.8373911380767822,-0.7255252152681351,-0.17172974348068237
-3.247915744781494,0.13380292057991028,0.27913305163383484,0.6780519485473633,12.312825202941895
-8.772355079650879,-1.096390187740326,-0.8387010097503662,-0.7224546074867249,-0.42375147342681885
-1.3617221117019653,0.18683964014053345,0.3166513442993164,0.7076812982559204,9.240222930908203
-8.380542755126953,-1.0787969827651978,-0.8304186165332794,-0.7217636704444885,-0.4177291691303253
-1.4513468742370605,0.17235638201236725,0.29588693380355835,0.6850431561470032,10.028190612792969
-7.437780857086182,-1.0979669690132141,-0.8364634811878204,-0.7244606465101242,-0.3406754732131958
-1.3597959280014038,0.24619503319263458,0.3632161021232605,0.7564096450805664,9.35612964630127
-8.936554908752441,-1.0871678590774536,-0.8305266499519348,-0.7153920531272888,-0.43143147230148315
-2.362532377243042,0.1982022523880005,0.3533835709095001,0.8380482196807861,7.224824905395508
-7.455587863922119,-1.2095858454704285,-0.8898473083972931,-0.7378250658512115,-0.4136332869529724
-2.160330057144165,0.09245924651622772,0.1924106627702713,0.49037739634513855,9.316913604736328
-7.47565221786499,-1.0084209442138672,-0.7925507426261902,-0.7087014317512512,-0.26830607652664185
-1.1907442808151245,0.19787991046905518,0.3551104962825775,0.7987010478973389,6.180344104766846
-8.255289077758789,-1.1397532224655151,-0.850467324256897,-0.725032851099968,-0.39503228664398193
-0.9049614071846008,0.26575931906700134,0.4290444850921631,0.9548544883728027,5.29366397857666
-8.297845840454102,-1.1657192409038544,-0.8631097376346588,-0.7290586680173874,-0.3832184076309204
-1.5036472082138062,0.1632869690656662,0.28678151965141296,0.661914587020874,12.244304656982422
-7.861727714538574,-1.0153515934944153,-0.8001101016998291,-0.709927961230278,-0.189062237739563
-3.620551347732544,0.13164472579956055,0.23998668789863586,0.5744667053222656,9.293798446655273
-7.265925884246826,-1.0062008798122406,-0.7942294776439667,-0.7099954336881638,-0.2812409996986389
-2.3791396617889404,0.22368820011615753,0.3676516115665436,0.849702000617981,12.231698989868164
-8.127912521362305,-1.147029161453247,-0.8570417165756226,-0.7281417846679688,-0.386333167552948
-0.9888124465942383,0.2677376866340637,0.42954808473587036,0.9499773383140564,8.025812149047852
-8.940224647521973,-1.1385457515716553,-0.8498322069644928,-0.72407366335392,-0.3941590189933777
-4.313024520874023,0.15646061301231384,0.26691144704818726,0.6345305442810059,6.940115928649902
-7.59138298034668,-1.0466496050357819,-0.8081861138343811,-0.7137258052825928,-0.3126285672187805
-1.941219687461853,0.1780668944120407,0.30091962218284607,0.6729022264480591,7.840910911560059
-7.913670539855957,-1.0807456970214844,-0.8315941691398621,-0.7198326587677002,-0.44990256428718567
-1.5279390811920166,0.2718011140823364,0.39954516291618347,0.8539239764213562,9.383807182312012
-8.81006145477295,-1.11836439371109,-0.8464341163635254,-0.723930224776268,-0.4897614121437073
-2.369332790374756,0.2203269749879837,0.34640634059906006,0.7617530822753906,12.718833923339844
-7.479004859924316,-1.0863477289676666,-0.8293447196483612,-0.720088392496109,-0.3260065019130707
-2.2931385040283203,0.16465887427330017,0.27255547046661377,0.6506377458572388,16.21685218811035
-8.155149459838867,-1.0507460832595825,-0.8137428760528564,-0.715528279542923,-0.34747380018234253
-3.427610158920288,0.22840416431427002,0.36008498072624207,0.8042387962341309,6.334670066833496
-8.239473342895508,-1.1378719210624695,-0.853234052658081,-0.7269975543022156,-0.5045613050460815
-1.2995582818984985,0.1464359611272812,0.25648823380470276,0.6235888004302979,7.053762912750244
-8.273106575012207,-1.0607891380786896,-0.8173631429672241,-0.7159298211336136,-0.5020245313644409
-2.496291160583496,0.17704056203365326,0.31879138946533203,0.7221976518630981,12.483564376831055
-7.606727123260498,-1.07388237118721,-0.8203265964984894,-0.7170614153146744,-0.3794533610343933
-1.6010910272598267,0.21799694001674652,0.3501262664794922,0.7804732322692871,6.230179309844971
-8.58688735961914,-1.111522763967514,-0.8398023247718811,-0.7212674021720886,-0.5413535833358765
-1.6520649194717407,0.1876845359802246,0.31493791937828064,0.7163686156272888,17.835739135742188
-8.111324310302734,-1.0801128447055817,-0.8255297839641571,-0.7171225100755692,-0.5616474747657776
-2.3419036865234375,0.16047045588493347,0.27739042043685913,0.6467254161834717,7.28964900970459
-7.551511287689209,-1.037503719329834,-0.8062971532344818,-0.7123780101537704,-0.5293657779693604
-1.9784835577011108,0.23622213304042816,0.37324997782707214,0.8226873278617859,9.040807723999023
-8.63261604309082,-1.122019737958908,-0.8470921516418457,-0.7220658957958221,-0.5344358682632446
-3.830932378768921,0.19381344318389893,0.3248026669025421,0.7430168986320496,6.6442551612854
-7.81159782409668,-1.1040244400501251,-0.8362793326377869,-0.7214830666780472,-0.5251771211624146
-1.6026910543441772,0.16117919981479645,0.26265519857406616,0.6002342104911804,14.18520736694336
-8.471177101135254,-1.0511219501495361,-0.8136231303215027,-0.7145096063613892,-0.41845783591270447
-1.0741018056869507,0.2232319414615631,0.3819398283958435,0.8877009749412537,10.35853385925293
-7.0674214363098145,-1.3285461366176605,-0.971701979637146,-0.7637002319097519,-0.5535154938697815
-1.4974240064620972,0.2672309875488281,0.3929106295108795,0.8411023616790771,7.178318023681641
-9.313735008239746,-1.0727525353431702,-0.8206994831562042,-0.7165238857269287,-0.506438672542572
-1.8935822248458862,0.19466719031333923,0.31839191913604736,0.7118325233459473,7.493710517883301
-8.450035095214844,-1.0389678180217743,-0.8042291402816772,-0.7123385369777679,-0.5709713697433472
-2.069807767868042,0.22067658603191376,0.3533918559551239,0.8038955926895142,8.216784477233887
-7.133289337158203,-1.1088526844978333,-0.8309667110443115,-0.7194200307130814,-0.5232332348823547
-1.619968295097351,0.23330967128276825,0.3797703683376312,0.832483172416687,7.2052001953125
-7.183258533477783,-1.1230290234088898,-0.8415836691856384,-0.7219807058572769,-0.5041565895080566
-1.7655582427978516,0.18074671924114227,0.32153764367103577,0.7343831062316895,8.652510643005371
-8.1670560836792,-1.0480350852012634,-0.8088879585266113,-0.711900144815445,-0.5641797780990601
-1.3520197868347168,0.23272255063056946,0.3494201600551605,0.7316268682479858,8.633997917175293
-8.721258163452148,-1.0035273730754852,-0.7918280065059662,-0.7087897956371307,-0.5552690029144287
-0.9010633826255798,0.19138039648532867,0.31561246514320374,0.729874849319458,13.995767593383789
-8.287565231323242,-1.0275279879570007,-0.7984775006771088,-0.7105694115161896,-0.5468626022338867
-2.751295566558838,0.1903403252363205,0.33028849959373474,0.7448998689651489,7.900032997131348
-7.612109661102295,-1.114879071712494,-0.8384028971195221,-0.7203518003225327,-0.5289993286132812
-1.6868669986724854,0.2406037598848343,0.37761425971984863,0.8400218486785889,6.994376182556152
-7.61627721786499,-1.1478014290332794,-0.8506760597229004,-0.724464163184166,-0.5449959635734558
-1.6906137466430664,0.21003179252147675,0.33761289715766907,0.7563191652297974,4.437347412109375
-7.808558940887451,-1.090038537979126,-0.8295080661773682,-0.7172485291957855,-0.5774815678596497
-1.2815817594528198,0.14586709439754486,0.26132306456565857,0.6353809833526611,14.98330020904541
-7.045597553253174,-1.04794642329216,-0.8130620121955872,-0.7145019471645355,-0.5205706357955933
-1.6535195112228394,0.19317258894443512,0.3056652545928955,0.694891631603241,6.988675117492676
-6.432392120361328,-1.0742995142936707,-0.8281766772270203,-0.7206135839223862,-0.5395973324775696
-2.5295753479003906,0.1933249682188034,0.31662046909332275,0.731840968132019,8.076169967651367
-7.2495927810668945,-1.0924527943134308,-0.8334061503410339,-0.7207652926445007,-0.5640594959259033
-1.2959372997283936,0.1873016357421875,0.32398033142089844,0.7520701289176941,9.050817489624023
-8.214030265808105,-1.1020256280899048,-0.835067093372345,-0.7211037576198578,-0.546757161617279
-2.767428159713745,0.17517894506454468,0.3059072196483612,0.7042257785797119,10.283546447753906
-7.877707481384277,-1.106862723827362,-0.837197333574295,-0.7224128395318985,-0.5433139204978943
-4.340154647827148,0.13236115872859955,0.25790175795555115,0.6357452869415283,5.541597366333008
-7.173975467681885,-1.0936092734336853,-0.8330701291561127,-0.722675696015358,-0.564099907875061
-1.5704721212387085,0.18614578247070312,0.3021378219127655,0.6674671173095703,6.793938636779785
-7.408052921295166,-1.0381269752979279,-0.8098586797714233,-0.7146628946065903,-0.5854701399803162
-0.7913356423377991,0.16972550749778748,0.29945290088653564,0.693732738494873,5.518766403198242
-8.067304611206055,-1.0401226878166199,-0.8125185966491699,-0.714642345905304,-0.6059584021568298
-1.5477838516235352,0.16377340257167816,0.27677151560783386,0.642641544342041,5.077712059020996
-8.163716316223145,-1.0959304571151733,-0.8344983756542206,-0.7214337140321732,-0.6025478839874268
-1.9125651121139526,0.16491447389125824,0.28610923886299133,0.6850370168685913,13.901187896728516
-8.22089958190918,-1.0981972217559814,-0.832920491695404,-0.7209215462207794,-0.6148485541343689
-1.3404263257980347,0.16717922687530518,0.30262622237205505,0.6894104480743408,8.32309627532959
-8.330303192138672,-1.066325604915619,-0.8190792798995972,-0.7169602960348129,-0.6052054762840271
-1.2627719640731812,0.19752134382724762,0.32415589690208435,0.7480143308639526,4.9769392013549805
-8.067081451416016,-1.0874530375003815,-0.8303096294403076,-0.719767227768898,-0.6098944544792175
-1.4420374631881714,0.15262630581855774,0.2797589600086212,0.6591775417327881,6.63132905960083
-8.035063743591309,-1.0929900705814362,-0.8374325335025787,-0.7221247106790543,-0.6142325401306152
-2.2033193111419678,0.15713010728359222,0.2795332968235016,0.6559979319572449,6.924567222595215
-8.360355377197266,-1.0613239705562592,-0.8196465373039246,-0.7171353250741959,-0.6164332032203674
-4.405218124389648,0.1708323359489441,0.29890498518943787,0.6868921518325806,7.772219657897949
-8.19587516784668,-1.0774797797203064,-0.8258001506328583,-0.7190128564834595,-0.6387062072753906
-1.9922704696655273,0.22121964395046234,0.3403817117214203,0.7685916423797607,7.768983840942383
-8.209365844726562,-1.112788438796997,-0.8404869437217712,-0.7233873754739761,-0.6227977871894836
-1.308402180671692,0.22510163486003876,0.33724290132522583,0.755110502243042,11.86186408996582
-8.24471378326416,-1.0906172394752502,-0.8300662040710449,-0.7200273126363754,-0.6358770728111267
-1.4768420457839966,0.16265477240085602,0.29222342371940613,0.6563328504562378,5.270658493041992
-7.601921081542969,-1.082029551267624,-0.8291784524917603,-0.7200205624103546,-0.6225059628486633
-1.7835514545440674,0.11782371997833252,0.251027375459671,0.6079649329185486,6.039531707763672
-8.090435981750488,-1.0696376860141754,-0.8228229284286499,-0.7179885804653168,-0.6252614259719849
-3.3321876525878906,0.23784077167510986,0.3612590730190277,0.7752962112426758,8.080102920532227
-8.44059944152832,-1.089392900466919,-0.8299528956413269,-0.72083480656147,-0.6498315334320068
-3.0907270908355713,0.1587848663330078,0.29814690351486206,0.708175778388977,5.828061580657959
-8.085265159606934,-1.0935759842395782,-0.8327275514602661,-0.7214822322130203,-0.6327368021011353
-1.855507254600525,0.22936765849590302,0.33011049032211304,0.700913667678833,6.936964511871338
-8.296111106872559,-1.0717482566833496,-0.8248132765293121,-0.7180735468864441,-0.6345757246017456
-1.6244486570358276,0.18689864873886108,0.31954488158226013,0.7285693883895874,5.596186637878418
-7.677491664886475,-1.1308362185955048,-0.8517080247402191,-0.7270800173282623,-0.6236814260482788
-5.811045169830322,0.20935891568660736,0.33679232001304626,0.7116916179656982,12.051715850830078
-8.624890327453613,-1.0598365664482117,-0.8187932074069977,-0.7161358147859573,-0.6314330697059631
-1.5597668886184692,0.23810850083827972,0.3854670226573944,0.8435367345809937,7.6110687255859375
-6.868137359619141,-1.2143208384513855,-0.8980970680713654,-0.7386859804391861,-0.6104229688644409
-2.09171462059021,0.1772303432226181,0.2886475920677185,0.6817654371261597,5.272729873657227
-7.956023216247559,-1.0631836950778961,-0.8219490349292755,-0.718953862786293,-0.6556574702262878
-1.741004228591919,0.20684416592121124,0.3272484540939331,0.7172218561172485,8.704530715942383
-7.887434959411621,-1.0417193472385406,-0.8119667172431946,-0.7162494659423828,-0.6504179835319519
-2.095229148864746,0.305288702249527,0.4304245114326477,0.8943920731544495,8.071528434753418
-7.337442874908447,-1.1538009941577911,-0.8571379780769348,-0.7263751029968262,-0.6084765791893005
-1.2925513982772827,0.23862694203853607,0.3725441098213196,0.8366962671279907,14.592747688293457
-8.312664031982422,-1.1067432165145874,-0.8378859758377075,-0.7237251996994019,-0.6561493277549744
-1.5646631717681885,0.24042339622974396,0.33809661865234375,0.6873487830162048,8.809091567993164
-8.852616310119629,-1.042774885892868,-0.8108817040920258,-0.7156016975641251,-0.6233270168304443
-0.9754490256309509,0.21847298741340637,0.35006722807884216,0.8097922205924988,7.639603614807129
-6.782553672790527,-1.1697106063365936,-0.8732278347015381,-0.7320178151130676,-0.6171632409095764
-1.6489499807357788,0.21389277279376984,0.34188276529312134,0.753838062286377,17.858253479003906
-7.5132598876953125,-1.1083007454872131,-0.8365858197212219,-0.7219694405794144,-0.6461671590805054
-2.3250303268432617,0.20952601730823517,0.3354213833808899,0.7323092222213745,8.262954711914062
-7.464173793792725,-1.064143717288971,-0.8210741281509399,-0.7164945304393768,-0.6555551886558533
-1.8545767068862915,0.24076977372169495,0.37098076939582825,0.8499208688735962,8.428986549377441
-6.731773376464844,-1.123621940612793,-0.8450330495834351,-0.7246812731027603,-0.6497876644134521
-0.7745156288146973,0.2041940689086914,0.34089750051498413,0.7408478260040283,4.925876617431641
-6.80838680267334,-1.1124320328235626,-0.8401218950748444,-0.7237963676452637,-0.6522455811500549
-1.7372602224349976,0.2642394006252289,0.3837599456310272,0.785119891166687,5.685114860534668
-7.7106428146362305,-1.0497567653656006,-0.8156288862228394,-0.7163742482662201,-0.6074420213699341
-3.1466023921966553,0.2040594071149826,0.32121098041534424,0.7332665920257568,11.212259292602539
-7.668274879455566,-1.0761640667915344,-0.8233358860015869,-0.7195265144109726,-0.607844889163971
-2.153700351715088,0.23152954876422882,0.3516813814640045,0.7595672607421875,15.086103439331055
-7.109577655792236,-1.1511365175247192,-0.8564616739749908,-0.7281628996133804,-0.6215483546257019
-2.075439453125,0.22688665986061096,0.336567759513855,0.7530137300491333,8.155683517456055
-8.074199676513672,-1.0733119547367096,-0.8237235248088837,-0.7187251597642899,-0.6600932478904724
-1.7019506692886353,0.2726621627807617,0.39942893385887146,0.8365364074707031,6.032106399536133
-8.265460014343262,-1.059291273355484,-0.8194791972637177,-0.7174322605133057,-0.6470717787742615
-1.0844954252243042,0.2210961878299713,0.35653063654899597,0.7726821899414062,6.597805976867676
-7.560823917388916,-1.1351443529129028,-0.8544071316719055,-0.7276985198259354,-0.6473671197891235
-1.5047080516815186,0.23253579437732697,0.33902764320373535,0.765968918800354,5.112460136413574
-8.394688606262207,-1.0845873355865479,-0.8259260058403015,-0.720218688249588,-0.6608258485794067
-1.3907430171966553,0.24546869099140167,0.35943803191185,0.7804398536682129,22.663490295410156
-8.335457801818848,-1.091042160987854,-0.829127311706543,-0.7209416031837463,-0.6353837251663208
-2.799428701400757,0.16704444587230682,0.31622180342674255,0.7245782613754272,8.021100997924805
-7.368246078491211,-1.1244926750659943,-0.8478568494319916,-0.72663414478302,-0.6634300947189331
-1.2717931270599365,0.21823279559612274,0.3294062316417694,0.7093565464019775,7.2718706130981445
-7.864512920379639,-1.0638602674007416,-0.819999635219574,-0.7187143266201019,-0.6378867030143738
-1.5906665325164795,0.23264339566230774,0.3594244122505188,0.7706875801086426,4.996212959289551
-8.095064163208008,-1.0890344679355621,-0.8294606506824493,-0.7213676869869232,-0.641035795211792
-0.6838877201080322,0.20569296181201935,0.35648301243782043,0.7923939228057861,4.7816362380981445
-7.5654473304748535,-1.1392373442649841,-0.8511148691177368,-0.7278487086296082,-0.6529138088226318
-1.3863856792449951,0.22225122153759003,0.31853464245796204,0.6916996240615845,6.6740007400512695
-8.216340065002441,-1.062847763299942,-0.8206385970115662,-0.7180677652359009,-0.645545482635498
-2.6052184104919434,0.23347404599189758,0.3649829924106598,0.8086898922920227,9.879680633544922
-7.986365795135498,-1.1127258837223053,-0.842582494020462,-0.7254299372434616,-0.6648309230804443
-0.9844628572463989,0.18714521825313568,0.3172025680541992,0.7334632873535156,13.945460319519043
-8.002579689025879,-1.0838682651519775,-0.8285872638225555,-0.7211872339248657,-0.6551271677017212
-1.9456268548965454,0.23158395290374756,0.35012295842170715,0.752678394317627,9.979552268981934
-8.107515335083008,-1.075400024652481,-0.8232542872428894,-0.7206689864397049,-0.6626293659210205
-2.8660953044891357,0.24603989720344543,0.37252500653266907,0.8008166551589966,6.190380096435547
-7.400731563568115,-1.144070714712143,-0.8563221096992493,-0.7292362153530121,-0.6605852842330933
-1.6330913305282593,0.2263842076063156,0.3392413854598999,0.7409210205078125,9.342706680297852
-8.267365455627441,-1.0553756356239319,-0.8193705976009369,-0.7173659205436707,-0.6422074437141418
-0.8460025191307068,0.28842589259147644,0.426974356174469,0.9104384183883667,5.692413330078125
-6.957901954650879,-1.2180180847644806,-0.8972713947296143,-0.7402015626430511,-0.6386209726333618
-3.489741086959839,0.19573096930980682,0.32124993205070496,0.7093571424484253,7.300475597381592
-8.174358367919922,-1.0720973908901215,-0.8224806785583496,-0.7191106826066971,-0.6627128720283508
-1.0265648365020752,0.23769120872020721,0.3540569245815277,0.7564830780029297,10.931373596191406
-7.868778228759766,-1.0604163110256195,-0.8172063529491425,-0.7179489582777023,-0.6681253910064697
-1.7492523193359375,0.2258242815732956,0.36744874715805054,0.8092352151870728,7.349706649780273
-7.102358341217041,-1.1558977663516998,-0.8601607382297516,-0.7290725708007812,-0.6392019987106323
-7.132983684539795,0.22228756546974182,0.3410694897174835,0.7329702377319336,9.619799613952637
-7.768890857696533,-1.0931193828582764,-0.8339290618896484,-0.723270446062088,-0.6671006679534912
-1.6871557235717773,0.2220304310321808,0.33187684416770935,0.7251706123352051,18.399757385253906
-8.12268352508545,-1.039254069328308,-0.8097483515739441,-0.716641291975975,-0.6495446562767029
-2.018101453781128,0.24186260998249054,0.38243135809898376,0.8583738207817078,4.974488258361816
-6.825514316558838,-1.1784457564353943,-0.8738405406475067,-0.7328142076730728,-0.6579849123954773
-1.3167749643325806,0.2382209599018097,0.37008431553840637,0.8142764568328857,5.973409175872803
-7.534035682678223,-1.1097784638404846,-0.839138001203537,-0.7238435298204422,-0.6740046143531799
-1.4694336652755737,0.17936600744724274,0.2995694875717163,0.6701115369796753,8.447854995727539
-7.491457462310791,-1.050475150346756,-0.817909300327301,-0.7186025232076645,-0.6728929877281189
-2.0351414680480957,0.2271106094121933,0.36973580718040466,0.806511402130127,7.480035781860352
-6.7840166091918945,-1.154308259487152,-0.8666650652885437,-0.7314023077487946,-0.6676486134529114
-0.992255687713623,0.1923191100358963,0.32179227471351624,0.7432421445846558,8.071263313293457
-7.916293144226074,-1.08956778049469,-0.830580085515976,-0.7231900840997696,-0.6565017104148865
-6.260953426361084,0.24862277507781982,0.3721829354763031,0.7868720293045044,7.289263725280762
-8.059879302978516,-1.0480915307998657,-0.8152616918087006,-0.7174331694841385,-0.6743924617767334
-1.0469144582748413,0.15953248739242554,0.3019544184207916,0.7072553634643555,7.508441925048828
-7.062066555023193,-1.1270037591457367,-0.8459305763244629,-0.7258147448301315,-0.6605185270309448
-1.5314254760742188,0.23437049984931946,0.3724735379219055,0.8242133855819702,16.239978790283203
-7.662126064300537,-1.1242654025554657,-0.8484038412570953,-0.7278217822313309,-0.6638047695159912
-0.6205865144729614,0.2304907590150833,0.34772592782974243,0.7262336015701294,8.641682624816895
-8.334613800048828,-1.051693856716156,-0.8155096173286438,-0.7178880423307419,-0.671766996383667
-2.0116584300994873,0.2456163465976715,0.37050455808639526,0.7904614806175232,5.622905731201172
-7.8779401779174805,-1.1263262629508972,-0.8468058705329895,-0.7271093428134918,-0.674747109413147
-1.356809139251709,0.26757022738456726,0.39605197310447693,0.8608819246292114,7.376745223999023
-8.292783737182617,-1.1393077969551086,-0.8523449599742889,-0.7284728437662125,-0.674358069896698
-2.2933461666107178,0.21346738934516907,0.33890673518180847,0.7119736671447754,9.270013809204102
-8.157413482666016,-1.0724340677261353,-0.8258682489395142,-0.719928428530693,-0.6620290875434875
-0.8648712038993835,0.21701262891292572,0.33584386110305786,0.7398728132247925,7.992159366607666
-7.022586345672607,-1.1483207643032074,-0.8615328669548035,-0.7313232123851776,-0.6703445911407471
-0.8034655451774597,0.1831408441066742,0.31627529859542847,0.6998528242111206,5.615354537963867
-8.42607307434082,-1.0922768115997314,-0.8305078744888306,-0.7219018191099167,-0.6681894659996033
-0.7974620461463928,0.24776235222816467,0.36354944109916687,0.7577593326568604,9.803182601928711
-8.11487102508545,-1.07880300283432,-0.8243094086647034,-0.720892608165741,-0.6743084192276001
-3.4246602058410645,0.20168939232826233,0.338187575340271,0.7493603825569153,5.4942474365234375
-7.084649562835693,-1.147346168756485,-0.8586859405040741,-0.7294160723686218,-0.6658974289894104
-0.6820358037948608,0.23803749680519104,0.3636833131313324,0.7904035449028015,9.301634788513184
-7.904123306274414,-1.0949411392211914,-0.8353321552276611,-0.7233788967132568,-0.6714097261428833
-2.924447536468506,0.22667355835437775,0.3395044505596161,0.737991213798523,12.26614761352539
-7.967824459075928,-1.061562031507492,-0.8224871158599854,-0.7194627970457077,-0.6721019148826599
-4.798930644989014,0.2348756641149521,0.35052934288978577,0.7931480407714844,7.149842262268066
-7.389898777008057,-1.1544625759124756,-0.8635241687297821,-0.7312709540128708,-0.677245020866394
-0.9513720870018005,0.26273372769355774,0.37346115708351135,0.8074719309806824,12.5679931640625
-8.434621810913086,-1.0915668904781342,-0.834454208612442,-0.7225090563297272,-0.6799011826515198
-1.8771898746490479,0.2656329572200775,0.3884269893169403,0.8323668837547302,7.285961627960205
-7.098349571228027,-1.1248425841331482,-0.8490808606147766,-0.7280295193195343,-0.672741711139679
-3.5543525218963623,0.18426749110221863,0.3065865933895111,0.6777941584587097,6.855670928955078
-7.460514068603516,-1.0795823633670807,-0.8299432992935181,-0.7219652086496353,-0.6728784441947937
-1.2946693897247314,0.23990674316883087,0.3660234212875366,0.7905173301696777,6.30849552154541
-8.056026458740234,-1.0823613703250885,-0.8279978036880493,-0.721794992685318,-0.678566038608551
-1.3085395097732544,0.22142978012561798,0.3557247817516327,0.7915725111961365,8.793689727783203
-7.124874591827393,-1.1296602487564087,-0.8480902314186096,-0.7272177040576935,-0.6740664839744568
-0.9023547172546387,0.21447589993476868,0.3237496316432953,0.6937517523765564,8.903741836547852
-7.498734474182129,-1.0724639594554901,-0.8261329531669617,-0.7212211191654205,-0.6799231171607971
-1.3137363195419312,0.2385234832763672,0.3630118668079376,0.8117045164108276,7.060558319091797
-7.62434720993042,-1.1160489916801453,-0.8465529084205627,-0.7279052138328552,-0.6796943545341492
-1.2714864015579224,0.1901523619890213,0.3092843294143677,0.7055343985557556,7.557782173156738
-7.996762275695801,-1.0828155875205994,-0.8280380964279175,-0.7216082662343979,-0.6752025485038757
-1.603908896446228,0.22431698441505432,0.3568681478500366,0.7952611446380615,6.535148620605469
-8.327343940734863,-1.1407716870307922,-0.8524084389209747,-0.7290066331624985,-0.6837838292121887
-2.3716282844543457,0.18885578215122223,0.29189178347587585,0.6580595970153809,8.846014022827148
-7.371694564819336,-1.0759138762950897,-0.8276122510433197,-0.7215524166822433,-0.6775201559066772
-1.7371923923492432,0.23885639011859894,0.3677102327346802,0.8206347823143005,12.26259994506836
-8.375865936279297,-1.1281443238258362,-0.8498368263244629,-0.7282281219959259,-0.6803497076034546
-1.153601050376892,0.2118227481842041,0.33612287044525146,0.7460652589797974,18.22480010986328
-7.176004886627197,-1.0799316465854645,-0.8267973065376282,-0.7217141389846802,-0.6722956895828247
-3.74485182762146,0.26319175958633423,0.40897035598754883,0.882266640663147,4.340476989746094
-8.707265853881836,-1.1572915315628052,-0.8605653941631317,-0.7303664237260818,-0.6818958520889282
-2.552136182785034,0.1614614874124527,0.29480883479118347,0.6834273338317871,10.450627326965332
-6.924348831176758,-1.119130700826645,-0.8498185276985168,-0.7290844172239304,-0.6824162006378174
-3.427983522415161,0.2599114775657654,0.3969670236110687,0.8244116306304932,6.069156646728516
-8.806097030639648,-1.107902467250824,-0.8401684463024139,-0.7247749865055084,-0.6800035238265991
-1.6358665227890015,0.27719342708587646,0.4518280029296875,1.0204143524169922,4.986397743225098
-7.873871803283691,-1.2446025013923645,-0.8958887457847595,-0.7381210774183273,-0.683306097984314
-2.1020591259002686,0.17583297193050385,0.271205872297287,0.629726231098175,16.191585540771484
-7.239506244659424,-1.044900357723236,-0.810746967792511,-0.7171481251716614,-0.6821168065071106
-1.6328810453414917,0.2008010596036911,0.3221167325973511,0.7241998314857483,6.8751044273376465
-7.765618801116943,-1.0777547657489777,-0.8231701254844666,-0.7211046069860458,-0.6813337802886963
-2.768678665161133,0.3052282929420471,0.4474496841430664,0.9583687782287598,6.012332916259766
-8.742029190063477,-1.1739560663700104,-0.8628545105457306,-0.7314447462558746,-0.6766393780708313
-1.1000388860702515,0.21142223477363586,0.33027711510658264,0.7268420457839966,7.9109721183776855
-7.657468318939209,-1.089631050825119,-0.8286322355270386,-0.7223622649908066,-0.6780253052711487
-1.8320330381393433,0.2121143341064453,0.31453850865364075,0.6667228937149048,6.510546684265137
-7.527146339416504,-1.0387766063213348,-0.8090259432792664,-0.7175591140985489,-0.680282473564148
-1.1567291021347046,0.24318717420101166,0.37523186206817627,0.8469350337982178,15.984146118164062
-8.434799194335938,-1.2072539031505585,-0.884863018989563,-0.7369183599948883,-0.6824491620063782
-3.154644250869751,0.31054696440696716,0.4307338297367096,0.9279904365539551,7.565421104431152
-7.940967082977295,-1.133755773305893,-0.8530941605567932,-0.7286107391119003,-0.6831886172294617
-1.2802774906158447,0.18368855118751526,0.2992076575756073,0.6622024774551392,4.281001091003418
-7.282137870788574,-1.0625238418579102,-0.817529559135437,-0.7191462367773056,-0.6857064962387085
-2.37847900390625,0.21904969215393066,0.38049790263175964,0.8540612459182739,6.63040018081665
-8.327737808227539,-1.1474378108978271,-0.8605782389640808,-0.7308191657066345,-0.6843904256820679
-3.5568082332611084,0.2620929777622223,0.3818158805370331,0.8080114126205444,10.584220886230469
-8.472475051879883,-1.118833601474762,-0.8464234471321106,-0.7277993410825729,-0.684824526309967
-1.7458984851837158,0.1663752943277359,0.27805814146995544,0.6426156163215637,14.166494369506836
-7.08124303817749,-1.066178172826767,-0.8200284242630005,-0.719875380396843,-0.6830444931983948
-1.5280941724777222,0.2262665331363678,0.3583070635795593,0.7707768678665161,6.606941223144531
-7.285038471221924,-1.1045564711093903,-0.8372180461883545,-0.7254151403903961,-0.6858426332473755
-1.801561951637268,0.24328599870204926,0.39688804745674133,0.8869993090629578,6.7294087409973145
-8.51385498046875,-1.1560487151145935,-0.8597248792648315,-0.7306765168905258,-0.6858572363853455
-1.3530868291854858,0.18577584624290466,0.3299006223678589,0.7632937431335449,9.704147338867188
-7.837342262268066,-1.1110865473747253,-0.8454243242740631,-0.726537674665451,-0.6830012202262878
-3.8253915309906006,0.18368841707706451,0.30145880579948425,0.6920338273048401,6.281556129455566
-7.393853187561035,-1.067007601261139,-0.8214678466320038,-0.720846101641655,-0.6845300197601318
-1.9520399570465088,0.23883168399333954,0.3618745505809784,0.8047721982002258,16.910877227783203
-8.480575561523438,-1.1325046122074127,-0.8518772125244141,-0.7286847084760666,-0.6840928196907043
-3.2565670013427734,0.29818639159202576,0.425604909658432,0.8906691074371338,13.421595573425293
-8.259748458862305,-1.1444723010063171,-0.8569876551628113,-0.7305189073085785,-0.6831147074699402
-2.5195043087005615,0.2196672409772873,0.3216116428375244,0.6956303715705872,8.208687782287598
-7.432920932769775,-1.0626293122768402,-0.8190836906433105,-0.720429539680481,-0.6848241686820984
-1.50021493434906,0.21423406898975372,0.338397353887558,0.745867133140564,6.138084888458252
-7.884529113769531,-1.1013512313365936,-0.8417732119560242,-0.7265418767929077,-0.6863679885864258
-1.9952707290649414,0.20517253875732422,0.33719202876091003,0.7476825714111328,7.6314849853515625
-8.35970401763916,-1.1232842206954956,-0.8480510115623474,-0.7284877151250839,-0.6852554082870483
-2.253343105316162,0.19801215827465057,0.31651243567466736,0.7206052541732788,10.015959739685059
-7.380128383636475,-1.0949143767356873,-0.8340560793876648,-0.7241532355546951,-0.6840921640396118
-2.8100037574768066,0.18977493047714233,0.3189430236816406,0.7054921984672546,7.678979396820068
-7.8743181228637695,-1.0948574542999268,-0.834764689207077,-0.7244776338338852,-0.6818823218345642
-2.6742091178894043,0.26581206917762756,0.40990039706230164,0.8670318126678467,7.137097358703613
-7.867320537567139,-1.146161437034607,-0.8576540350914001,-0.731239914894104,-0.686407208442688
-1.3788673877716064,0.21230001747608185,0.32319486141204834,0.6917227506637573,4.762731552124023
-7.627288818359375,-1.0554414987564087,-0.8167107701301575,-0.7200709134340286,-0.6857216954231262
-1.3994836807250977,0.22147296369075775,0.35084736347198486,0.7758709192276001,9.147022247314453
-7.6437273025512695,-1.1697412133216858,-0.8693830370903015,-0.7344941794872284,-0.6876789331436157
-2.3044698238372803,0.253589928150177,0.3775801360607147,0.7956428527832031,6.27894401550293
-8.67064094543457,-1.099656879901886,-0.8391585350036621,-0.7249947935342789,-0.6863979697227478
-1.660528540611267,0.20146849751472473,0.35267898440361023,0.7891372442245483,8.607707023620605
-6.84259557723999,-1.2082740664482117,-0.8956095278263092,-0.7408404052257538,-0.6852508783340454
-5.485941410064697,0.20743122696876526,0.3355517089366913,0.7379153370857239,7.135202407836914
-8.052173614501953,-1.0675193667411804,-0.8250773549079895,-0.7212833017110825,-0.6841002702713013
-1.921329379081726,0.25545209646224976,0.395962655544281,0.8481435775756836,6.588901519775391
-8.153703689575195,-1.117495447397232,-0.8396695256233215,-0.7259491384029388,-0.6879823803901672
-3.585575819015503,0.2587548494338989,0.3971027135848999,0.8693807125091553,13.507484436035156
-7.137269496917725,-1.1668784618377686,-0.8635740876197815,-0.7314485162496567,-0.688255250453949
-2.0561797618865967,0.185109943151474,0.3043764531612396,0.6669787168502808,6.460762023925781
-7.303461074829102,-1.071101188659668,-0.8235291838645935,-0.7209404557943344,-0.6869052052497864
-1.2087554931640625,0.2331778109073639,0.35120123624801636,0.7846173644065857,9.313426971435547
-9.006693840026855,-1.073373556137085,-0.8251462578773499,-0.721639484167099,-0.6861457824707031
-2.714913845062256,0.2520725429058075,0.40218135714530945,0.906742513179779,15.721536636352539
-8.702306747436523,-1.1969045102596283,-0.8807455897331238,-0.7354528307914734,-0.687756359577179
-1.5034644603729248,0.2031402438879013,0.3190644085407257,0.7236231565475464,5.132929801940918
-7.855218410491943,-1.0894646644592285,-0.8286232352256775,-0.7221277058124542,-0.6872628927230835
-1.9836711883544922,0.20399539172649384,0.3087155818939209,0.6867859363555908,5.539996147155762
-7.960259437561035,-1.078127533197403,-0.8274502158164978,-0.722865104675293,-0.6875618696212769
-0.9962788820266724,0.29928693175315857,0.4352079927921295,0.9093974828720093,7.477056503295898
-7.53616189956665,-1.1842314898967743,-0.880638062953949,-0.7365536987781525,-0.6831503510475159
-6.689112186431885,0.17203392088413239,0.2918010652065277,0.6892081499099731,5.882019996643066
-7.564799785614014,-1.079878807067871,-0.8286778330802917,-0.7233349084854126,-0.6855281591415405
-2.4514245986938477,0.15281341969966888,0.26388785243034363,0.6325228214263916,14.274362564086914
-7.489907264709473,-1.057122677564621,-0.8181518316268921,-0.719873696565628,-0.6865748763084412
-1.3076748847961426,0.1821424812078476,0.3349258303642273,0.8023896217346191,10.453426361083984
-7.5017008781433105,-1.1710245311260223,-0.8672547340393066,-0.733617752790451,-0.6834981441497803
-2.53436279296875,0.24422836303710938,0.38458558917045593,0.8417816758155823,6.913014888763428
-7.954316139221191,-1.1289394199848175,-0.8498752117156982,-0.7286790609359741,-0.6883941888809204
-2.117492914199829,0.16296105086803436,0.27682965993881226,0.6481825709342957,5.633336067199707
-7.4151129722595215,-1.0520868003368378,-0.8158350884914398,-0.7196075022220612,-0.6861187815666199
-1.5089014768600464,0.2287583202123642,0.35516637563705444,0.7975000143051147,13.118711471557617
-7.39357328414917,-1.1478393077850342,-0.8612836599349976,-0.731428474187851,-0.689559817314148
-3.0733020305633545,0.2639172375202179,0.3901542127132416,0.8143355250358582,5.382002353668213
-8.771810531616211,-1.1333365440368652,-0.8501472175121307,-0.7291866987943649,-0.6889899373054504
-2.736520528793335,0.23127315938472748,0.34858188033103943,0.7615906000137329,12.902173042297363
-7.897754192352295,-1.0985287427902222,-0.835477203130722,-0.7243539839982986,-0.688141942024231
-0.6238221526145935,0.1602490395307541,0.29713883996009827,0.7091660499572754,11.073446273803711
-7.0425214767456055,-1.1111450493335724,-0.8419432044029236,-0.7266606092453003,-0.687710702419281
-1.0657767057418823,0.2106732428073883,0.3368278443813324,0.7698867321014404,6.093788146972656
-8.180607795715332,-1.1012275516986847,-0.8380670547485352,-0.725318968296051,-0.6868043541908264
-1.4609262943267822,0.228277325630188,0.3724047839641571,0.8076763153076172,4.956745624542236
-8.090954780578613,-1.1206787824630737,-0.8473203778266907,-0.7287060469388962,-0.6887413263320923
-0.8086156249046326,0.14590638875961304,0.27431419491767883,0.6553609371185303,7.517323017120361
-7.3431220054626465,-1.098780333995819,-0.8355231285095215,-0.7248597741127014,-0.6882941126823425
-1.6401855945587158,0.23664505779743195,0.3562663495540619,0.7798269987106323,6.551932334899902
-8.100143432617188,-1.0915502309799194,-0.8334870636463165,-0.7247225940227509,-0.6878454685211182
-5.31464958190918,0.2704000771045685,0.4154964089393616,0.8921600580215454,8.730222702026367
-7.9409637451171875,-1.1799097955226898,-0.8745284080505371,-0.7357159554958344,-0.6890413165092468
-3.1098992824554443,0.24068687856197357,0.37703201174736023,0.8052783012390137,5.418089866638184
-7.994707107543945,-1.067474514245987,-0.8225451409816742,-0.7216840088367462,-0.6882158517837524
-2.1448569297790527,0.26953956484794617,0.40418028831481934,0.8764145970344543,9.691495895385742
-7.777390956878662,-1.1500068306922913,-0.8600021600723267,-0.7318326085805893,-0.6887532472610474
-1.3108686208724976,0.2364901751279831,0.3649916350841522,0.7965151071548462,7.613498687744141
-8.260772705078125,-1.1049964725971222,-0.8406159281730652,-0.7266452759504318,-0.6898268461227417
-2.05954909324646,0.19672350585460663,0.32320889830589294,0.7336617708206177,11.376984596252441
-7.2530951499938965,-1.0807517170906067,-0.8279855251312256,-0.7227104008197784,-0.6885052919387817
-0.6114973425865173,0.2326602190732956,0.36350953578948975,0.8019249439239502,8.802852630615234
-7.622029781341553,-1.1347917020320892,-0.8517078161239624,-0.7302680909633636,-0.6887822151184082
-2.740738868713379,0.19607757031917572,0.3182196617126465,0.6901280879974365,6.1516618728637695
-8.478059768676758,-1.1116712987422943,-0.843809962272644,-0.725739598274231,-0.6895016431808472
-1.204868197441101,0.22560696303844452,0.3512430787086487,0.7699341773986816,6.936285972595215
-6.756308555603027,-1.1696522235870361,-0.8788591921329498,-0.7361187040805817,-0.6908236145973206
-4.436279296875,0.2813267409801483,0.37963399291038513,0.7650133371353149,14.2028169631958
-8.633134841918945,-1.0841902792453766,-0.8276446461677551,-0.7221371382474899,-0.6895443201065063
-1.1196492910385132,0.31932780146598816,0.47631508111953735,1.0149011611938477,7.790733814239502
-7.489631175994873,-1.2880885004997253,-0.9213928580284119,-0.7475208044052124,-0.6897029876708984
-1.4305140972137451,0.23573219776153564,0.36860913038253784,0.7854767441749573,9.502806663513184
-6.837939262390137,-1.1191536486148834,-0.8391715288162231,-0.7259656488895416,-0.6899523735046387
-1.7492212057113647,0.1756855845451355,0.2715517580509186,0.5915051102638245,12.910293579101562
-7.005517959594727,-0.9872962236404419,-0.7913057804107666,-0.7130005657672882,-0.6905015707015991
-2.2864699363708496,0.1971631646156311,0.3357309103012085,0.7602050304412842,7.276838302612305
-7.712299823760986,-1.082040250301361,-0.8239003717899323,-0.7213861495256424,-0.6903911232948303
-2.045896291732788,0.26314714550971985,0.4402472972869873,0.9839558601379395,8.819148063659668
-7.462916851043701,-1.2137684524059296,-0.8757681250572205,-0.7344823926687241,-0.6906551122665405
-0.942298412322998,0.24962401390075684,0.37391388416290283,0.7881488800048828,7.877023696899414
-7.219789028167725,-1.1176737844944,-0.8408608138561249,-0.7254994660615921,-0.6904229521751404
-1.341048002243042,0.20772194862365723,0.303666889667511,0.6445808410644531,8.069729804992676
-7.606392860412598,-1.0206488072872162,-0.8054026365280151,-0.7162526249885559,-0.6905482411384583
-3.427107334136963,0.18939927220344543,0.32196223735809326,0.7482434511184692,15.54180908203125
-7.6371355056762695,-1.1128045320510864,-0.8419986963272095,-0.7280808240175247,-0.6893436312675476
-1.5685287714004517,0.27483779191970825,0.4187600314617157,0.9141932129859924,6.987669467926025
-7.540263652801514,-1.2027105391025543,-0.8818696439266205,-0.7360025495290756,-0.6888465285301208
-2.477341890335083,0.21558120846748352,0.35747262835502625,0.7708532810211182,7.82004451751709
-7.770181655883789,-1.1078420877456665,-0.8404537737369537,-0.7258868515491486,-0.6914242506027222
-1.9100258350372314,0.19578441977500916,0.3131960332393646,0.6945143938064575,8.16036605834961
-7.519164562225342,-1.0587435066699982,-0.8223546147346497,-0.7217613607645035,-0.6902287602424622
-1.408573031425476,0.22444848716259003,0.34727343916893005,0.7434462308883667,9.017333984375
-7.165853977203369,-1.1226714551448822,-0.8507627546787262,-0.7291953712701797,-0.6908385753631592
-2.0503475666046143,0.2222680300474167,0.36453309655189514,0.8073135614395142,5.090123176574707
-7.7700629234313965,-1.120726078748703,-0.8480258584022522,-0.7291235327720642,-0.6904369592666626
-0.8193255662918091,0.19981703162193298,0.3208981454372406,0.7228891253471375,7.696393966674805
-8.072967529296875,-1.07126384973526,-0.8238600194454193,-0.7217610776424408,-0.6908344626426697
-1.2540669441223145,0.2652985453605652,0.3937685787677765,0.8170168399810791,13.555864334106445
-7.592775821685791,-1.0961341857910156,-0.8332338333129883,-0.7245248258113861,-0.690643846988678
-2.1430540084838867,0.21469874680042267,0.36555585265159607,0.8140037059783936,7.9362664222717285
-7.673389911651611,-1.134216457605362,-0.8502017855644226,-0.7296018451452255,-0.6913707256317139
-2.498288869857788,0.26784539222717285,0.40144816040992737,0.8476057648658752,7.575126647949219
-8.193706512451172,-1.1005788743495941,-0.8361114263534546,-0.7252868860960007,-0.6904237270355225
-2.6250696182250977,0.19856567680835724,0.29788607358932495,0.6792612075805664,10.632488250732422
-7.905046463012695,-1.0814708769321442,-0.8296270966529846,-0.723245844244957,-0.6907018423080444
-2.35711669921875,0.21887722611427307,0.35444769263267517,0.7753301858901978,10.021076202392578
-7.453486919403076,-1.1107967495918274,-0.8442172110080719,-0.7275448888540268,-0.6905639171600342
-1.4981034994125366,0.23046676814556122,0.3545307219028473,0.7727506160736084,11.432245254516602
-7.988658905029297,-1.094503492116928,-0.8324525654315948,-0.7252338528633118,-0.6904948353767395
-0.957100510597229,0.26724109053611755,0.3979240357875824,0.8367825746536255,7.559465408325195
-8.087196350097656,-1.1018666326999664,-0.8369719088077545,-0.7260460555553436,-0.6906772255897522
-1.6755269765853882,0.2645147442817688,0.40174204111099243,0.8414838314056396,12.86864185333252
-7.239978313446045,-1.1181265115737915,-0.8473264575004578,-0.7290725409984589,-0.6913444995880127
-2.1480300426483154,0.256723552942276,0.36897361278533936,0.7821493148803711,6.773303031921387
-7.265066146850586,-1.0741941630840302,-0.8272379636764526,-0.7232764214277267,-0.6905608177185059
-1.3902204036712646,0.23990216851234436,0.3680618405342102,0.7919975519180298,6.127015113830566
-7.701295375823975,-1.1009474396705627,-0.8383147716522217,-0.7256388962268829,-0.6908766627311707
-2.260676622390747,0.2672226130962372,0.3974559009075165,0.864395260810852,6.523836135864258
-7.513588905334473,-1.1441107392311096,-0.8556270599365234,-0.732330933213234,-0.6915784478187561
-1.541991114616394,0.22013001143932343,0.34213605523109436,0.7370792627334595,7.261590003967285
-7.6065521240234375,-1.0848967730998993,-0.829088568687439,-0.7237721085548401,-0.690677285194397
-2.1263155937194824,0.1993459016084671,0.3228093087673187,0.7372580766677856,4.52220344543457
-7.646671772003174,-1.1026145219802856,-0.8409440219402313,-0.7274608761072159,-0.6908974647521973
-1.1899988651275635,0.23609578609466553,0.36684519052505493,0.7946145534515381,8.26020622253418
-7.69982385635376,-1.1158476769924164,-0.8487817049026489,-0.7290445566177368,-0.6913591027259827
-3.6601722240448,0.21255111694335938,0.32998207211494446,0.7076626420021057,7.088326454162598
-7.817259788513184,-1.0825992822647095,-0.8295687735080719,-0.7236546277999878,-0.6909390687942505
-2.3157241344451904,0.1887940615415573,0.32114219665527344,0.7605600357055664,14.49212646484375
-7.4737138748168945,-1.1463496088981628,-0.8600868582725525,-0.7327494323253632,-0.6919322609901428
-3.1039063930511475,0.25496166944503784,0.38283655047416687,0.7818418741226196,8.347162246704102
-8.134839057922363,-1.094866156578064,-0.8370641767978668,-0.7246896028518677,-0.6908822059631348
-1.9211276769638062,0.20370285212993622,0.33801019191741943,0.7641308307647705,7.747134685516357
-7.256165981292725,-1.1367053985595703,-0.8552619814872742,-0.7308268696069717,-0.6914244890213013
-0.7750775218009949,0.2240985631942749,0.3426778018474579,0.7469738721847534,10.129504203796387
-7.878173351287842,-1.0876569747924805,-0.8312441110610962,-0.724520817399025,-0.6910777688026428
-0.5999726057052612,0.24860942363739014,0.3777918517589569,0.8252257108688354,6.364412784576416
-7.609986305236816,-1.1386685967445374,-0.854902982711792,-0.7313851565122604,-0.6916090250015259
-0.8823187947273254,0.22529339790344238,0.3462957441806793,0.7464008331298828,10.004463195800781
-7.475128173828125,-1.084291160106659,-0.8287706971168518,-0.7239867895841599,-0.6909754872322083
-2.7813613414764404,0.21912796795368195,0.35622867941856384,0.7950333952903748,9.32291030883789
-7.8342766761779785,-1.1224533021450043,-0.8490726351737976,-0.7296613901853561,-0.6916495561599731
-2.3682572841644287,0.21382418274879456,0.33672600984573364,0.7592772245407104,7.298425674438477
-7.830500602722168,-1.1016926765441895,-0.8385055065155029,-0.7265952676534653,-0.6911550760269165
-2.1301000118255615,0.2164599448442459,0.353220671415329,0.7904872894287109,6.617552757263184
-7.693953037261963,-1.124218463897705,-0.8500710427761078,-0.7301415354013443,-0.691313624382019
-1.7411161661148071,0.1755102127790451,0.3010917007923126,0.6891859173774719,16.478195190429688
-8.095909118652344,-1.0872327387332916,-0.8346479535102844,-0.7246339619159698,-0.6908974051475525
-1.713007926940918,0.22799108922481537,0.3769098222255707,0.8492622971534729,7.66868257522583
-6.7157793045043945,-1.259527176618576,-0.9258590936660767,-0.7513892650604248,-0.6916998624801636
-2.509030818939209,0.2989020347595215,0.39585983753204346,0.8012313842773438,10.691807746887207
-9.398640632629395,-1.1219331324100494,-0.8414181470870972,-0.7280753552913666,-0.6913431882858276
-1.0245383977890015,0.31760749220848083,0.48670893907546997,1.0561745166778564,4.373741626739502
-7.602257251739502,-1.2250657677650452,-0.8818914890289307,-0.734239473938942,-0.6918039321899414
-2.1984565258026123,0.29857853055000305,0.433554083108902,0.9387127161026001,5.9573822021484375
-7.00608491897583,-1.2201411128044128,-0.893821507692337,-0.7404064834117889,-0.6916801929473877
-1.29354989528656,0.19546596705913544,0.30913007259368896,0.6902542114257812,6.63629150390625
-6.643267631530762,-1.0536014139652252,-0.8114142715930939,-0.7182961702346802,-0.6917290091514587
-1.438812494277954,0.1843361109495163,0.28942394256591797,0.643808901309967,5.582231521606445
-6.8860907554626465,-0.9617803543806076,-0.7786363065242767,-0.7106497883796692,-0.6915727853775024
-2.45621657371521,0.1576191931962967,0.2811447083950043,0.6648188829421997,5.3322906494140625
-6.801337718963623,-0.9950910955667496,-0.7919031381607056,-0.7135637998580933,-0.6913475394248962
-0.6846610903739929,0.2645624577999115,0.406350702047348,0.841984748840332,8.231534004211426
-6.512012004852295,-1.0634463429450989,-0.814629316329956,-0.7180384993553162,-0.6918839812278748
-3.9785213470458984,0.2910078465938568,0.43455687165260315,0.9157503843307495,8.379922866821289
-6.803993225097656,-1.1223856210708618,-0.833339273929596,-0.7232542484998703,-0.6918314695358276
-5.388803005218506,0.3240629732608795,0.47682085633277893,0.9643400311470032,7.401056289672852
-7.359619617462158,-1.116571694612503,-0.836824506521225,-0.7246724367141724,-0.6920101642608643
-1.3016606569290161,0.19259195029735565,0.31372323632240295,0.7377240657806396,9.624566078186035
-7.608242511749268,-1.0483112931251526,-0.81241774559021,-0.7190870195627213,-0.692395031452179
-1.8322210311889648,0.11585213243961334,0.22516897320747375,0.5423494577407837,12.798702239990234
-7.4427032470703125,-1.0073964595794678,-0.7967882454395294,-0.7150111794471741,-0.6920338869094849
-1.5324859619140625,0.1770058572292328,0.28870919346809387,0.6689695119857788,34.27376937866211
-7.132635593414307,-1.0294662415981293,-0.8070910573005676,-0.7179669886827469,-0.6918997764587402
-1.5311869382858276,0.2107657641172409,0.3679419159889221,0.7979392409324646,8.560956954956055
-7.2123308181762695,-1.08681058883667,-0.8293449878692627,-0.7240706980228424,-0.691914439201355
-1.308074712753296,0.2459007352590561,0.3868642747402191,0.8631677627563477,7.117373466491699
-7.197281360626221,-1.1268982887268066,-0.8480947911739349,-0.7285908162593842,-0.6918936967849731
-2.831921339035034,0.23693931102752686,0.38113534450531006,0.8274309039115906,14.285799980163574
-7.168517112731934,-1.1061157584190369,-0.8369959890842438,-0.7258709818124771,-0.6920233964920044
-1.7316852807998657,0.2118142694234848,0.3433248698711395,0.7748514413833618,9.091337203979492
-7.283602714538574,-1.0599795281887054,-0.8177394270896912,-0.7203005850315094,-0.6914952397346497
-1.5826659202575684,0.23424871265888214,0.34601351618766785,0.7349821329116821,5.549644947052002
-7.372557163238525,-1.0402214527130127,-0.813032865524292,-0.7192624062299728,-0.6919999718666077
-1.6586233377456665,0.22677910327911377,0.3486393690109253,0.7649229764938354,6.945075988769531
-7.272425174713135,-1.0591036081314087,-0.8208586275577545,-0.7219777852296829,-0.6916040778160095
-2.2946746349334717,0.20729272067546844,0.3329507112503052,0.7594294548034668,8.239253997802734
-7.042175769805908,-1.0979279577732086,-0.8347806334495544,-0.7265286445617676,-0.6912215948104858
-3.744192600250244,0.22604255378246307,0.34745949506759644,0.7378602027893066,6.821914196014404
-6.925088882446289,-1.096215844154358,-0.8366428911685944,-0.7268276065587997,-0.6910938024520874
-1.1065624952316284,0.19463421404361725,0.3229379653930664,0.7268494963645935,6.152861595153809
-6.960753440856934,-1.0606303215026855,-0.8224470615386963,-0.7218779623508453,-0.6898414492607117
-1.6673835515975952,0.18828175961971283,0.3100792467594147,0.7008073925971985,6.281391143798828
-7.049005508422852,-1.0457004606723785,-0.8157975077629089,-0.7202535569667816,-0.6912659406661987
-1.018854022026062,0.2174004763364792,0.3469100892543793,0.7666839361190796,5.865203857421875
-7.065074443817139,-1.062595158815384,-0.8235662579536438,-0.7220363616943359,-0.6912715435028076
-2.3811452388763428,0.22585098445415497,0.36569252610206604,0.8057142496109009,15.374177932739258
-7.064138889312744,-1.0979288816452026,-0.8380709290504456,-0.726025864481926,-0.6902778744697571
-1.746986985206604,0.25435295701026917,0.3897145092487335,0.825148344039917,6.042023658752441
-7.1365966796875,-1.108281433582306,-0.8423702120780945,-0.7269534468650818,-0.6908882260322571
-0.8291117548942566,0.20932438969612122,0.3347312808036804,0.7470897436141968,12.951736450195312
-7.234438419342041,-1.0775287449359894,-0.8297036588191986,-0.7244413644075394,-0.6911755204200745
-2.1318540573120117,0.19347257912158966,0.3142002522945404,0.709346354007721,6.462504863739014
-7.178199768066406,-1.0521902441978455,-0.8182086944580078,-0.721169114112854,-0.6898766756057739
-2.743795156478882,0.23204679787158966,0.3629150390625,0.7774631977081299,6.097111225128174
-7.017332553863525,-1.0600033402442932,-0.8233263790607452,-0.72230663895607,-0.6902592778205872
-1.2984331846237183,0.24305453896522522,0.36704131960868835,0.7797959446907043,9.526618957519531
-7.126537799835205,-1.090593844652176,-0.8341999650001526,-0.7257582247257233,-0.6904053092002869
-3.511883497238159,0.2098376303911209,0.34817254543304443,0.792422890663147,6.8686017990112305
-7.503448963165283,-1.0960597097873688,-0.8347853720188141,-0.7252034693956375,-0.692026674747467
-1.707750678062439,0.23867662250995636,0.3726005554199219,0.7875495553016663,9.831430435180664
-7.622708797454834,-1.0870395302772522,-0.8326332867145538,-0.7242627739906311,-0.6916729807853699
-2.3380353450775146,0.2122330218553543,0.3356027603149414,0.741701602935791,11.825328826904297
-7.348633289337158,-1.0793041288852692,-0.82945117354393,-0.7239831984043121,-0.6898335218429565
-3.704241991043091,0.22752659022808075,0.34775716066360474,0.7877953052520752,12.381939888000488
-7.205770015716553,-1.082346796989441,-0.8311216533184052,-0.7245596945285797,-0.6915851831436157
-1.3889055252075195,0.2141886204481125,0.3347492814064026,0.7339392304420471,7.19644832611084
-7.550112724304199,-1.078594297170639,-0.8302297592163086,-0.724066436290741,-0.6911183595657349
-1.4807928800582886,0.2043345719575882,0.3287777602672577,0.7394744157791138,6.519349575042725
-7.780768394470215,-1.0867798626422882,-0.8320838809013367,-0.7253011465072632,-0.6919857859611511
-1.5205676555633545,0.23719532787799835,0.3558102548122406,0.7506676912307739,7.0024566650390625
-7.591905117034912,-1.0950770378112793,-0.8366792500019073,-0.7265139818191528,-0.6913121342658997
-1.7554250955581665,0.23592598736286163,0.35673466324806213,0.7593880891799927,6.123787879943848
-7.537354469299316,-1.0879932343959808,-0.8343828618526459,-0.7254618406295776,-0.6912578344345093
-1.584743857383728,0.23754727840423584,0.35500094294548035,0.7935934066772461,8.772085189819336
-7.657191753387451,-1.0849821269512177,-0.8326577544212341,-0.7255830615758896,-0.6921504735946655
-1.6814022064208984,0.26028817892074585,0.37653157114982605,0.7889103889465332,5.891506195068359
-7.557551383972168,-1.0974870920181274,-0.8393145799636841,-0.7282392531633377,-0.6916928887367249
-1.1124345064163208,0.22431254386901855,0.34166428446769714,0.7473675012588501,10.104084968566895
-7.620694637298584,-1.086150586605072,-0.8340414762496948,-0.7258415818214417,-0.6920900940895081
-1.2767871618270874,0.20348136126995087,0.33513185381889343,0.7496102452278137,7.570043087005615
-7.74553108215332,-1.0827923715114594,-0.8312371373176575,-0.7248808443546295,-0.6921339631080627
-1.253602385520935,0.2404695302248001,0.36716601252555847,0.8151837587356567,6.055827617645264
-7.590855121612549,-1.1111409366130829,-0.843072772026062,-0.7292995750904083,-0.6922526359558105
-0.8790544867515564,0.17827071249485016,0.31412118673324585,0.7079145312309265,9.604978561401367
-7.6788740158081055,-1.096060425043106,-0.8358472883701324,-0.7260029166936874,-0.6920456886291504
-1.475708246231079,0.246674582362175,0.3683660328388214,0.7976480722427368,6.134417533874512
-7.506018161773682,-1.0990576148033142,-0.8378615081310272,-0.7265376001596451,-0.6919042468070984
-2.1410624980926514,0.23631791770458221,0.3635407090187073,0.79659104347229,7.061703681945801
-7.66743803024292,-1.1043749749660492,-0.8427852988243103,-0.727852001786232,-0.6917077302932739
-4.085839748382568,0.2217429131269455,0.3490833342075348,0.7553162574768066,5.487231254577637
-7.892948627471924,-1.1006122827529907,-0.837854653596878,-0.7270432114601135,-0.6922923922538757
-0.572829008102417,0.1978229433298111,0.33271539211273193,0.7566550970077515,7.745944499969482
-7.620388984680176,-1.1142540276050568,-0.8460184335708618,-0.7287919074296951,-0.6920156478881836
-1.9893919229507446,0.24036072194576263,0.3634127080440521,0.7644504904747009,13.820128440856934
-8.162572860717773,-1.085144966840744,-0.8337928652763367,-0.7251066714525223,-0.6915075778961182
-1.1034661531448364,0.20050561428070068,0.3399496078491211,0.7834924459457397,5.889759063720703
-7.44366455078125,-1.172843724489212,-0.8764634728431702,-0.7360175997018814,-0.6924715638160706
-2.2148733139038086,0.2666393220424652,0.38706567883491516,0.8007833957672119,8.069668769836426
-8.626596450805664,-1.071263313293457,-0.8259319365024567,-0.7221518903970718,-0.6924354434013367
-2.2913661003112793,0.2641562819480896,0.42137953639030457,0.9167523384094238,5.18660831451416
-7.303966045379639,-1.2094327807426453,-0.8885379433631897,-0.7395711243152618,-0.6927262544631958
-1.526671051979065,0.21947792172431946,0.338481605052948,0.7630800008773804,21.60865592956543
-7.414399147033691,-1.1073562800884247,-0.8406537473201752,-0.727011188864708,-0.6920931935310364
-3.009248733520508,0.2006193846464157,0.3104344308376312,0.6788104772567749,8.035118103027344
-7.763073444366455,-1.0374620258808136,-0.8142162263393402,-0.719178169965744,-0.6915384531021118
-1.7471226453781128,0.2377273291349411,0.37803056836128235,0.8287909030914307,5.299365997314453
-7.218801498413086,-1.1708716452121735,-0.8680413067340851,-0.7328184545040131,-0.6928500533103943
-2.060507297515869,0.2548683285713196,0.3900885283946991,0.8666605949401855,10.339635848999023
-7.660646915435791,-1.1145175695419312,-0.8426707983016968,-0.727811649441719,-0.6921190619468689
-2.305551052093506,0.20950694382190704,0.3169876039028168,0.6912747621536255,8.970693588256836
-7.893614768981934,-1.054945558309555,-0.8218439519405365,-0.7218526750802994,-0.6928337812423706
-3.196789503097534,0.28469395637512207,0.40396401286125183,0.8438107967376709,7.934205532073975
-6.912560939788818,-1.1929273903369904,-0.8888456225395203,-0.7392190992832184,-0.6925389170646667
-2.885530471801758,0.265544593334198,0.4053467810153961,0.876538872718811,5.393075466156006
-8.194100379943848,-1.105294555425644,-0.8412940204143524,-0.72684246301651,-0.6927445530891418
-1.1409775018692017,0.20130012929439545,0.32324954867362976,0.7174786925315857,6.859574317932129
-7.692424297332764,-1.0618685185909271,-0.8221322298049927,-0.7218806743621826,-0.6926600933074951
-4.29667854309082,0.22427509725093842,0.3656470477581024,0.8056994676589966,5.749460220336914
-7.046260833740234,-1.1406680047512054,-0.8591251969337463,-0.7314809709787369,-0.6929804086685181
-0.696097731590271,0.2668895721435547,0.40859657526016235,0.8735230565071106,10.043573379516602
-7.932125568389893,-1.1067890226840973,-0.8389684557914734,-0.727091833949089,-0.6928421258926392
-1.048517107963562,0.23988114297389984,0.36842820048332214,0.7684687376022339,7.752227783203125
-8.207484245300293,-1.0762028098106384,-0.829430103302002,-0.7233760952949524,-0.6927247643470764
-0.7666500210762024,0.24603696167469025,0.3813871443271637,0.8316491842269897,6.297529220581055
-7.2557501792907715,-1.1407729387283325,-0.8568404018878937,-0.730933889746666,-0.6929749250411987
-1.482593059539795,0.24397686123847961,0.3768143355846405,0.8135124444961548,7.576696395874023
-7.882994174957275,-1.1236731708049774,-0.847104400396347,-0.7298107743263245,-0.6927280426025391
-3.156186580657959,0.2150077074766159,0.33046481013298035,0.7359756231307983,12.698932647705078
-8.167954444885254,-1.084580421447754,-0.8334494233131409,-0.7247120440006256,-0.6927302479743958
-2.6369965076446533,0.24985463917255402,0.37464040517807007,0.8177459239959717,4.998653411865234
-7.120405197143555,-1.1443999409675598,-0.8635596036911011,-0.733015850186348,-0.6928424835205078
-1.570729374885559,0.22996902465820312,0.35688427090644836,0.791247546672821,13.2138671875
-8.055731773376465,-1.081754595041275,-0.8301663100719452,-0.7240856885910034,-0.6927652955055237
-1.7333087921142578,0.27122482657432556,0.38802745938301086,0.812103271484375,7.973645210266113
-8.189688682556152,-1.1095685362815857,-0.8412652611732483,-0.7268067598342896,-0.6930316686630249
-1.9173177480697632,0.21225833892822266,0.3329969346523285,0.7537223100662231,22.92041778564453
-7.259917259216309,-1.132931113243103,-0.855613499879837,-0.730568528175354,-0.6928025484085083
-1.2375978231430054,0.20215299725532532,0.3340294063091278,0.7278298139572144,11.641642570495605
-7.565690040588379,-1.0654557943344116,-0.8228244781494141,-0.7225801795721054,-0.6927419900894165
-2.0684409141540527,0.2111682891845703,0.3427470028400421,0.7662143111228943,8.088571548461914
-8.185888290405273,-1.1101700067520142,-0.8428819477558136,-0.7278018593788147,-0.6930169463157654
-3.076993227005005,0.21482165157794952,0.3474225699901581,0.7631815671920776,6.597747802734375
-7.740236759185791,-1.1464783549308777,-0.8574917316436768,-0.7324824929237366,-0.6928723454475403
-0.613447368144989,0.24136315286159515,0.3632985055446625,0.7721905708312988,22.160057067871094
-7.871225833892822,-1.0644845962524414,-0.8229080438613892,-0.7222322970628738,-0.6928061246871948
-0.7921454310417175,0.25203004479408264,0.3910709321498871,0.8660972118377686,10.135784149169922
-7.527164936065674,-1.144185721874237,-0.857356071472168,-0.7335187047719955,-0.6931003332138062
-2.2200419902801514,0.2462567538022995,0.3720427453517914,0.7845287919044495,6.197840690612793
-7.6369194984436035,-1.0998581647872925,-0.8367702066898346,-0.7264648377895355,-0.6928235292434692
-2.7610652446746826,0.186774343252182,0.3094124495983124,0.7077761888504028,15.908618927001953
-7.557070255279541,-1.0900321900844574,-0.8322198390960693,-0.7249518036842346,-0.6928580403327942
-1.3686622381210327,0.250212162733078,0.375449001789093,0.8247450590133667,6.870802879333496
-7.583676815032959,-1.1549378633499146,-0.8611549139022827,-0.7344679832458496,-0.6931761503219604
-1.2206300497055054,0.2344498485326767,0.34071144461631775,0.7340704202651978,12.692188262939453
-8.002696990966797,-1.0822060108184814,-0.8321060538291931,-0.7246889173984528,-0.6927797198295593
-4.382336616516113,0.26980698108673096,0.39622658491134644,0.853130578994751,5.595698356628418
-7.325987339019775,-1.133097529411316,-0.8556687533855438,-0.7301077097654343,-0.6930119395256042
-1.399048924446106,0.26034829020500183,0.3831070363521576,0.7988471984863281,22.509241104125977
-8.770806312561035,-1.1119274497032166,-0.8415873050689697,-0.7265873104333878,-0.6930959224700928
-0.9237762689590454,0.22767996788024902,0.3653908669948578,0.8020236492156982,7.024434566497803
-7.551959991455078,-1.1602402925491333,-0.8682829737663269,-0.7334862053394318,-0.6929561495780945
-0.7736337184906006,0.2372903823852539,0.36037757992744446,0.7363516092300415,9.37091064453125
-7.8502092361450195,-1.070479542016983,-0.8248535394668579,-0.7233387231826782,-0.6931262612342834
-1.6538549661636353,0.25966840982437134,0.396100789308548,0.8696816563606262,7.634598731994629
-8.440223693847656,-1.1424277424812317,-0.8546004891395569,-0.7308715581893921,-0.6929864287376404
-1.3776425123214722,0.2651025652885437,0.3866439759731293,0.8460255861282349,9.716951370239258
-7.734384536743164,-1.1344278454780579,-0.851999044418335,-0.7303884923458099,-0.6929973363876343
-2.5694916248321533,0.2388211339712143,0.33367279171943665,0.7152242660522461,9.214987754821777
-8.158477783203125,-1.0682524144649506,-0.8276945352554321,-0.7232196927070618,-0.6931843161582947
-1.1380709409713745,0.2746015191078186,0.4203486442565918,0.9166892766952515,6.1829681396484375
-7.4918928146362305,-1.2637476325035095,-0.9248214364051819,-0.7494684904813766,-0.6930875182151794
-1.6663029193878174,0.22546696662902832,0.329600065946579,0.6947817206382751,5.190858840942383
-9.103649139404297,-1.0809223651885986,-0.8252783417701721,-0.7226708680391312,-0.6921147108078003
-1.9293415546417236,0.21228627860546112,0.3626661002635956,0.8171474933624268,8.518453598022461
-7.582579612731934,-1.1616106927394867,-0.8611872792243958,-0.73164302110672,-0.6930322647094727
-2.7052628993988037,0.2631920278072357,0.40454837679862976,0.8742396235466003,8.98854923248291
-7.224278450012207,-1.1790359318256378,-0.8693879842758179,-0.7334529161453247,-0.6928229928016663
-2.921696424484253,0.20487606525421143,0.34413793683052063,0.7371220588684082,9.738178253173828
-7.822263240814209,-1.057774007320404,-0.8192804455757141,-0.7208094447851181,-0.6930443644523621
-3.3020520210266113,0.20495934784412384,0.30857396125793457,0.6969553232192993,4.997815132141113
-7.762679100036621,-1.0229507684707642,-0.8061076402664185,-0.7179040759801865,-0.6929985284805298
-2.116896629333496,0.2357921451330185,0.37342801690101624,0.8043649196624756,8.671708106994629
-7.300620079040527,-1.115736961364746,-0.8409107625484467,-0.7255410999059677,-0.6930080652236938
-2.2094602584838867,0.24483458697795868,0.3768104612827301,0.8353248834609985,11.888782501220703
-7.4257426261901855,-1.169612467288971,-0.8616801500320435,-0.7316339164972305,-0.6930007934570312
-4.034456729888916,0.20964360237121582,0.3341958820819855,0.719521164894104,7.343538284301758
-7.841518402099609,-1.093418300151825,-0.8373827338218689,-0.724999725818634,-0.6930881142616272
-1.8125594854354858,0.18391510844230652,0.3000774383544922,0.6666110754013062,9.229727745056152
-7.259949207305908,-1.0726318359375,-0.8288725018501282,-0.7240639328956604,-0.6925606727600098
-1.4288042783737183,0.25879618525505066,0.38305097818374634,0.8133910894393921,7.5333251953125
-7.078153610229492,-1.1136447489261627,-0.8464528620243073,-0.72941954433918,-0.6928575038909912
-1.5774706602096558,0.27984389662742615,0.40392160415649414,0.8708633184432983,8.350493431091309
-8.236091613769531,-1.1171284317970276,-0.8459413647651672,-0.7282212972640991,-0.693016767501831
-1.9250051975250244,0.2720071077346802,0.40766653418540955,0.8714585900306702,5.935622692108154
-8.068400382995605,-1.1206415295600891,-0.8471859395503998,-0.7280663996934891,-0.6930814385414124
-1.3292063474655151,0.2532024085521698,0.36789238452911377,0.8145911693572998,5.689354419708252
-7.3326897621154785,-1.1145371496677399,-0.8448051810264587,-0.7281153053045273,-0.6929916143417358
-4.718005180358887,0.23506899178028107,0.34388622641563416,0.7223697900772095,7.540056228637695
-7.69443416595459,-1.068404883146286,-0.8257745802402496,-0.722445085644722,-0.6929911375045776
-3.0486316680908203,0.2566841244697571,0.3962593972682953,0.8390447497367859,11.191506385803223
-8.205058097839355,-1.0838571190834045,-0.8302790522575378,-0.7242197394371033,-0.6929982900619507
-0.9963762164115906,0.2701270282268524,0.41001391410827637,0.8705331087112427,9.317485809326172
-7.868841171264648,-1.1312908828258514,-0.8487800061702728,-0.7297173738479614,-0.6928808093070984
-0.5239698886871338,0.20803554356098175,0.34490513801574707,0.7803919315338135,5.583304405212402
-7.872074127197266,-1.0991707146167755,-0.8349192142486572,-0.7258926630020142,-0.6930540800094604
-0.7033683657646179,0.20116257667541504,0.3132956922054291,0.736078143119812,7.2388153076171875
-8.104862213134766,-1.0920716226100922,-0.8328542709350586,-0.7252831161022186,-0.6928996443748474
-2.615567684173584,0.21020272374153137,0.34882283210754395,0.7620896100997925,8.08670425415039
-7.691672325134277,-1.1296004354953766,-0.8528438210487366,-0.7316659390926361,-0.6930153965950012
-1.70418381690979,0.1591126173734665,0.28023114800453186,0.6710377335548401,6.810764789581299
-7.638185977935791,-1.0860016644001007,-0.8324463367462158,-0.7252831161022186,-0.693053662776947
-1.1328538656234741,0.22279374301433563,0.35117384791374207,0.7618067264556885,7.275088310241699
-7.899328708648682,-1.0784237086772919,-0.8287599682807922,-0.723835289478302,-0.6930152177810669
-1.9232609272003174,0.24726276099681854,0.36758294701576233,0.8383922576904297,6.895583152770996
-7.836802005767822,-1.1442265808582306,-0.8561543822288513,-0.7324961721897125,-0.6930505037307739
