4.498597621917725,-1.9584308862686157,7.622743129730225,-4.962113380432129
0.7465087175369263,-5.472620010375977,5.556343078613281,0.2553696632385254
6.964822769165039,-0.9166685342788696,11.062715530395508,-2.7353951930999756
0.677756667137146,-3.5240631103515625,5.553548336029053,0.9303317070007324
9.968073844909668,-1.4903372526168823,10.893752098083496,-3.7710673809051514
0.7727594375610352,-3.69844913482666,5.451660633087158,1.268247365951538
6.164366722106934,-6.220067501068115,9.720602989196777,-4.042586326599121
0.9195593595504761,-4.023791313171387,5.346380710601807,1.281519889831543
7.566654682159424,-2.050244092941284,7.412755966186523,-4.451331615447998
1.0457408428192139,-4.364095211029053,5.345210552215576,1.094907522201538
4.716390609741211,-1.99275803565979,12.174760818481445,-2.133013963699341
1.114250898361206,-4.618422985076904,5.313384532928467,0.792607307434082
9.48869800567627,-0.686842143535614,15.914970397949219,-5.346182346343994
1.069633960723877,-4.78896951675415,5.260673522949219,0.6565761566162109
10.205693244934082,-1.644593596458435,9.523344993591309,-3.4108998775482178
0.893673300743103,-5.1304450035095215,5.218536853790283,0.6094069480895996
12.669340133666992,-4.647250652313232,9.632078170776367,-2.851351499557495
0.699779748916626,-5.414365291595459,5.275378227233887,0.5327887535095215
6.915420055389404,-1.410697340965271,10.480059623718262,-3.244940996170044
0.5880327224731445,-5.656056880950928,5.322938442230225,0.43509578704833984
6.66956901550293,-1.7008886337280273,11.071371078491211,-2.5342423915863037
0.5403649806976318,-5.849752902984619,5.467138290405273,0.3826022148132324
5.898155689239502,-1.1186050176620483,10.874589920043945,-2.868269681930542
0.517703115940094,-5.969806671142578,5.53621768951416,0.45479679107666016
5.3995819091796875,-3.0841314792633057,11.612447738647461,-5.814507007598877
0.8805074691772461,-5.993562698364258,5.65873908996582,0.6088771820068359
3.9934067726135254,-2.3490500450134277,9.054671287536621,-4.0179762840271
1.1443946361541748,-6.138209819793701,5.807774543762207,0.4582972526550293
4.985905170440674,-3.6567800045013428,10.1566801071167,-5.049245357513428
1.280487060546875,-6.287347793579102,5.942807674407959,0.19205808639526367
6.114607810974121,-2.6151938438415527,9.566239356994629,-2.437293529510498
0.9942977428436279,-6.443824768066406,5.987170696258545,0.24250078201293945
4.37636661529541,-1.8421000242233276,13.150060653686523,-5.165850639343262
0.4270900785923004,-6.527606964111328,5.928191661834717,-0.02174234390258789
6.1359052658081055,-0.7770159244537354,9.536949157714844,-4.639554500579834
0.22369152307510376,-6.520243167877197,5.811343669891357,-0.21912717819213867
17.008068084716797,-5.8044962882995605,8.725028038024902,-4.1946635246276855
0.16554778814315796,-6.580957412719727,5.664449214935303,-0.32837963104248047
21.643482208251953,-1.669906497001648,14.915912628173828,-3.7368295192718506
0.09295511245727539,-6.714905261993408,5.5406365394592285,-0.49164438247680664
5.441242694854736,-1.3292968273162842,11.102447509765625,-2.0528244972229004
0.1528477668762207,-6.8475165367126465,5.424989700317383,-0.6049742698669434
6.091180324554443,-2.817004442214966,7.414890289306641,-5.25037145614624
0.5067133903503418,-6.872040271759033,5.255391597747803,-0.688286304473877
5.473711013793945,-2.4641807079315186,10.956974983215332,-2.359692335128784
0.09901685267686844,-7.258600234985352,5.193100452423096,-1.075791835784912
5.74969482421875,-1.9115142822265625,12.900115966796875,-3.452852249145508
-0.20645159482955933,-7.419978141784668,5.275994777679443,-1.4365253448486328
5.3445539474487305,-3.0836005210876465,11.923286437988281,-3.2923405170440674
-0.20611976087093353,-7.388941287994385,5.229804039001465,-1.4085021018981934
6.1820068359375,-2.441255569458008,13.240464210510254,-2.7543277740478516
-0.18757489323616028,-7.279710292816162,5.303813457489014,-2.007596492767334
8.782048225402832,-1.3420261144638062,12.442924499511719,-3.4288246631622314
-0.04544800519943237,-7.6823039054870605,5.289026737213135,-2.568300247192383
9.002691268920898,-1.3316380977630615,12.678754806518555,-3.3401639461517334
0.022181570529937744,-7.661858081817627,5.056238174438477,-2.976088523864746
8.05704116821289,-3.271923780441284,9.907370567321777,-2.822789430618286
0.07790380716323853,-7.526803016662598,5.138171672821045,-3.0857009887695312
7.554534912109375,-1.3331784009933472,8.12643051147461,-3.4291293621063232
0.16078686714172363,-7.7891364097595215,5.153345584869385,-3.415445327758789
6.7724714279174805,-0.9902519583702087,11.447189331054688,-3.3863658905029297
0.27350369095802307,-7.540899276733398,5.235607147216797,-3.4771060943603516
14.200641632080078,-2.054758310317993,11.38420581817627,-3.117337942123413
0.35706740617752075,-7.854555606842041,5.3540191650390625,-3.4014101028442383
6.978193283081055,-1.1141237020492554,13.421541213989258,-2.823363780975342
-0.049244873225688934,-6.750772476196289,5.16513729095459,-4.235591888427734
21.013900756835938,-1.1955732107162476,8.868812561035156,-3.9679229259490967
-0.08936309814453125,-8.57917594909668,5.196141242980957,-4.051061630249023
21.554080963134766,-2.4813294410705566,11.531085014343262,-2.629042387008667
-0.0824192464351654,-8.994115829467773,5.227759838104248,-3.9338932037353516
8.839483261108398,-0.6917431950569153,9.840909004211426,-4.137122631072998
-0.11591911315917969,-8.167204856872559,5.046510219573975,-3.9434099197387695
9.136054992675781,-1.3881932497024536,11.602334022521973,-2.636162519454956
-0.1467013657093048,-7.504312038421631,4.934490203857422,-4.614912033081055
7.168766975402832,-2.415602445602417,14.609390258789062,-2.3486363887786865
-0.21679529547691345,-7.890239715576172,4.889342784881592,-4.947746276855469
6.253849983215332,-2.6744353771209717,12.819761276245117,-3.438763380050659
-0.19859102368354797,-8.637271881103516,5.147480010986328,-4.648835182189941
7.686667442321777,-1.5264607667922974,15.117470741271973,-10.052931785583496
-0.052768826484680176,-8.63591194152832,5.24894905090332,-4.190206527709961
10.731754302978516,-2.760857105255127,12.481364250183105,-3.441519260406494
-0.03244578838348389,-8.059088706970215,5.274338722229004,-4.514779090881348
16.11782455444336,-1.4082553386688232,13.850850105285645,-4.105524063110352
-0.09705662727355957,-7.9310150146484375,5.216055393218994,-4.981936454772949
5.057013034820557,-6.217299938201904,10.116842269897461,-2.4941201210021973
-0.1270161271095276,-8.485010147094727,5.247652530670166,-4.986783981323242
6.431014060974121,-3.3528759479522705,9.920600891113281,-4.862990856170654
-0.18441683053970337,-8.838536262512207,5.271779537200928,-4.197723388671875
5.191057205200195,-1.9834470748901367,11.88566780090332,-2.58461594581604
-0.11250942945480347,-8.24133014678955,5.1688032150268555,-3.6306400299072266
4.752464294433594,-2.1585049629211426,12.813873291015625,-3.61267352104187
-0.2294841855764389,-8.147745132446289,5.236593246459961,-3.9137392044067383
8.902467727661133,-1.8829443454742432,10.316779136657715,-1.9685471057891846
-0.2663474678993225,-9.291030883789062,5.26524543762207,-4.1306610107421875
13.788042068481445,-2.025643825531006,8.619022369384766,-5.94638204574585
-0.19074979424476624,-9.512272834777832,5.244706153869629,-3.6147193908691406
6.191746711730957,-1.793186068534851,12.593363761901855,-4.103538513183594
-0.06886649131774902,-7.89694356918335,5.22962760925293,-3.41879940032959
4.021151065826416,-5.892851829528809,8.428138732910156,-5.177630424499512
-0.13277286291122437,-7.627890110015869,5.212385654449463,-3.760721206665039
6.7116312980651855,-1.5007339715957642,15.698502540588379,-3.9023616313934326
-0.08823806047439575,-8.493507385253906,5.211435317993164,-3.9114198684692383
9.114171981811523,-0.9523116946220398,9.186155319213867,-5.273884296417236
-0.15801650285720825,-8.048545837402344,5.189903259277344,-3.9353580474853516
5.733391761779785,-1.2200868129730225,15.34953784942627,-4.690152168273926
-0.10329866409301758,-7.52375602722168,5.185728073120117,-3.716071128845215
4.332875728607178,-1.496620535850525,10.853694915771484,-2.435654401779175
-0.23643052577972412,-8.30790901184082,5.178296089172363,-3.6142024993896484
5.495549201965332,-5.938526630401611,12.478992462158203,-2.209458112716675
-0.17557501792907715,-8.224679946899414,5.158447742462158,-4.0231122970581055
8.6214599609375,-2.1559767723083496,8.47481918334961,-3.869481325149536
-0.2458408772945404,-7.3557963371276855,5.142175197601318,-3.7348098754882812
5.8797407150268555,-1.4842582941055298,9.738149642944336,-3.2278029918670654
-0.23130959272384644,-8.202383995056152,5.127479076385498,-3.8992843627929688
6.34438943862915,-5.818016529083252,9.87662410736084,-3.0701711177825928
-0.2539621889591217,-8.452404022216797,5.06418514251709,-4.89433479309082
5.560602188110352,-1.2592087984085083,12.14415168762207,-4.047717094421387
-0.1443936824798584,-8.251005172729492,5.081098556518555,-3.6850147247314453
6.4439592361450195,-0.699206531047821,11.873347282409668,-3.995081663131714
-0.393786758184433,-7.106074810028076,5.001708507537842,-4.681840896606445
9.819961547851562,-1.3848798274993896,9.976438522338867,-3.42978835105896
-0.4441550076007843,-9.024369239807129,4.993293762207031,-4.765477180480957
6.117198944091797,-1.1472111940383911,14.16235065460205,-2.1262197494506836
-0.22080841660499573,-8.009456634521484,4.970090866088867,-3.9326400756835938
5.883062362670898,-1.595354437828064,18.08449935913086,-4.029797077178955
-0.17172974348068237,-7.229196548461914,4.959157943725586,-4.0424652099609375
12.312825202941895,-3.247915744781494,11.904158592224121,-5.387851715087891
-0.42375147342681885,-8.772355079650879,4.938395977020264,-4.254003524780273
9.240222930908203,-1.3617221117019653,7.871154308319092,-2.101931095123291
-0.4177291691303253,-8.380542755126953,4.9083991050720215,-4.112204551696777
10.028190612792969,-1.4513468742370605,9.306852340698242,-5.521235942840576
-0.3406754732131958,-7.437780857086182,4.907238006591797,-4.073793411254883
9.35612964630127,-1.3597959280014038,14.480286598205566,-2.003654956817627
-0.43143147230148315,-8.936554908752441,4.898386478424072,-4.152405738830566
7.224824905395508,-2.362532377243042,10.377632141113281,-3.5147931575775146
-0.4136332869529724,-7.455587863922119,4.8188371658325195,-5.119985580444336
9.316913604736328,-2.160330057144165,11.621576309204102,-4.012057781219482
-0.26830607652664185,-7.47565221786499,4.86832332611084,-3.4716005325317383
6.180344104766846,-1.1907442808151245,17.78409767150879,-2.830751657485962
-0.39503228664398193,-8.255289077758789,4.573215484619141,-5.306562423706055
5.29366397857666,-0.9049614071846008,13.565132141113281,-5.2062907218933105
-0.3832184076309204,-8.297845840454102,4.562968730926514,-5.7784423828125
12.244304656982422,-1.5036472082138062,8.824712753295898,-2.636537551879883
-0.189062237739563,-7.861727714538574,4.830704212188721,-4.548412322998047
9.293798446655273,-3.620551347732544,12.286953926086426,-4.64234733581543
-0.2812409996986389,-7.265925884246826,4.833925724029541,-4.262152671813965
12.231698989868164,-2.3791396617889404,11.308439254760742,-2.807455539703369
-0.386333167552948,-8.127912521362305,4.672119617462158,-5.231867790222168
8.025812149047852,-0.9888124465942383,10.648534774780273,-3.3678810596466064
-0.3941590189933777,-8.940224647521973,4.688215255737305,-4.675877571105957
6.940115928649902,-4.313024520874023,8.276102066040039,-2.5686264038085938
-0.3126285672187805,-7.59138298034668,4.8102617263793945,-2.939361572265625
7.840910911560059,-1.941219687461853,11.219198226928711,-3.33601450920105
-0.44990256428718567,-7.913670539855957,4.803413391113281,-3.2615976333618164
9.383807182312012,-1.5279390811920166,9.620674133300781,-4.292956352233887
-0.4897614121437073,-8.81006145477295,4.693788528442383,-3.6126270294189453
12.718833923339844,-2.369332790374756,15.779531478881836,-3.250795364379883
-0.3260065019130707,-7.479004859924316,4.690040588378906,-3.327853202819824
16.21685218811035,-2.2931385040283203,9.20574951171875,-2.874511241912842
-0.34747380018234253,-8.155149459838867,4.72010612487793,-3.481032371520996
6.334670066833496,-3.427610158920288,12.578514099121094,-3.225939989089966
-0.5045613050460815,-8.239473342895508,4.62998628616333,-4.514064788818359
7.053762912750244,-1.2995582818984985,10.38302230834961,-2.6863906383514404
-0.5020245313644409,-8.273106575012207,4.710983753204346,-3.9597530364990234
12.483564376831055,-2.496291160583496,11.062553405761719,-2.317375421524048
-0.3794533610343933,-7.606727123260498,4.625308513641357,-3.791510581970215
6.230179309844971,-1.6010910272598267,11.300687789916992,-4.3702497482299805
-0.5413535833358765,-8.58688735961914,4.510322570800781,-4.32691764831543
17.835739135742188,-1.6520649194717407,8.94868278503418,-2.267167329788208
-0.5616474747657776,-8.111324310302734,4.500552177429199,-4.217045783996582
7.28964900970459,-2.3419036865234375,12.752270698547363,-2.471691846847534
-0.5293657779693604,-7.551511287689209,4.570346832275391,-3.9742355346679688
9.040807723999023,-1.9784835577011108,8.499277114868164,-5.275034427642822
-0.5344358682632446,-8.63261604309082,4.498344421386719,-4.719566345214844
6.6442551612854,-3.830932378768921,11.840712547302246,-2.2751388549804688
-0.5251771211624146,-7.81159782409668,4.585103511810303,-4.182803153991699
14.18520736694336,-1.6026910543441772,12.619758605957031,-2.109405517578125
-0.41845783591270447,-8.471177101135254,4.676856517791748,-3.493098258972168
10.35853385925293,-1.0741018056869507,9.849996566772461,-3.6575114727020264
-0.5535154938697815,-7.0674214363098145,4.509760856628418,-5.150994300842285
7.178318023681641,-1.4974240064620972,10.809490203857422,-3.483654737472534
-0.506438672542572,-9.313735008239746,4.549407005310059,-4.216609954833984
7.493710517883301,-1.8935822248458862,17.15892791748047,-2.166834831237793
-0.5709713697433472,-8.450035095214844,4.527463436126709,-3.8677167892456055
8.216784477233887,-2.069807767868042,10.568706512451172,-2.4132955074310303
-0.5232332348823547,-7.133289337158203,4.521254539489746,-4.153614044189453
7.2052001953125,-1.619968295097351,13.019775390625,-2.757004499435425
-0.5041565895080566,-7.183258533477783,4.579623222351074,-4.905342102050781
8.652510643005371,-1.7655582427978516,12.79399299621582,-3.815607786178589
-0.5641797780990601,-8.1670560836792,4.4795966148376465,-5.06048583984375
8.633997917175293,-1.3520197868347168,8.156440734863281,-2.1156890392303467
-0.5552690029144287,-8.721258163452148,4.451602458953857,-4.402402877807617
13.995767593383789,-0.9010633826255798,15.689085006713867,-3.2818355560302734
-0.5468626022338867,-8.287565231323242,4.494050025939941,-4.063694953918457
7.900032997131348,-2.751295566558838,9.948036193847656,-3.1944243907928467
-0.5289993286132812,-7.612109661102295,4.564198970794678,-4.135483741760254
6.994376182556152,-1.6868669986724854,9.748239517211914,-3.73418927192688
-0.5449959635734558,-7.61627721786499,4.5420708656311035,-4.274724960327148
4.437347412109375,-1.6906137466430664,8.877029418945312,-2.96749210357666
-0.5774815678596497,-7.808558940887451,4.470661163330078,-3.8907814025878906
14.98330020904541,-1.2815817594528198,11.550151824951172,-3.9004037380218506
-0.5205706357955933,-7.045597553253174,4.501911163330078,-3.7915897369384766
6.988675117492676,-1.6535195112228394,7.961587429046631,-2.2985870838165283
-0.5395973324775696,-6.432392120361328,4.461354732513428,-4.1260175704956055
8.076169967651367,-2.5295753479003906,19.019773483276367,-4.98426628112793
-0.5640594959259033,-7.2495927810668945,4.4666428565979,-4.530658721923828
9.050817489624023,-1.2959372997283936,8.098811149597168,-3.1750965118408203
-0.546757161617279,-8.214030265808105,4.51780891418457,-4.664250373840332
10.283546447753906,-2.767428159713745,8.750469207763672,-3.402334213256836
-0.5433139204978943,-7.877707481384277,4.492339611053467,-4.819649696350098
5.541597366333008,-4.340154647827148,10.322539329528809,-3.0839827060699463
-0.564099907875061,-7.173975467681885,4.513734817504883,-4.679287910461426
6.793938636779785,-1.5704721212387085,18.851099014282227,-3.5281307697296143
-0.5854701399803162,-7.408052921295166,4.504432678222656,-4.366805076599121
5.518766403198242,-0.7913356423377991,13.563335418701172,-3.5458767414093018
-0.6059584021568298,-8.067304611206055,4.510070323944092,-4.476466178894043
5.077712059020996,-1.5477838516235352,10.221094131469727,-2.6139020919799805
-0.6025478839874268,-8.163716316223145,4.532732009887695,-4.775318145751953
13.901187896728516,-1.9125651121139526,9.838829040527344,-3.0479371547698975
-0.6148485541343689,-8.22089958190918,4.535975456237793,-4.486302375793457
8.32309627532959,-1.3404263257980347,11.672562599182129,-3.072486400604248
-0.6052054762840271,-8.330303192138672,4.523617744445801,-3.985136032104492
4.9769392013549805,-1.2627719640731812,7.4247283935546875,-2.41538405418396
-0.6098944544792175,-8.067081451416016,4.521384239196777,-4.188116073608398
6.63132905960083,-1.4420374631881714,10.819723129272461,-2.9267690181732178
-0.6142325401306152,-8.035063743591309,4.518370628356934,-4.283395767211914
6.924567222595215,-2.2033193111419678,10.254657745361328,-3.248337507247925
-0.6164332032203674,-8.360355377197266,4.512861728668213,-4.104593276977539
7.772219657897949,-4.405218124389648,10.189764022827148,-3.4267361164093018
-0.6387062072753906,-8.19587516784668,4.497245788574219,-4.271333694458008
7.768983840942383,-1.9922704696655273,12.607627868652344,-3.955686330795288
-0.6227977871894836,-8.209365844726562,4.445095062255859,-4.721916198730469
11.86186408996582,-1.308402180671692,20.236196517944336,-2.30080246925354
-0.6358770728111267,-8.24471378326416,4.468155384063721,-4.705484390258789
5.270658493041992,-1.4768420457839966,9.82335090637207,-3.2451577186584473
-0.6225059628486633,-7.601921081542969,4.473580360412598,-4.6781206130981445
6.039531707763672,-1.7835514545440674,9.409761428833008,-5.221842288970947
-0.6252614259719849,-8.090435981750488,4.437200546264648,-4.610788345336914
8.080102920532227,-3.3321876525878906,12.186502456665039,-3.494734525680542
-0.6498315334320068,-8.44059944152832,4.399428367614746,-4.475193977355957
5.828061580657959,-3.0907270908355713,12.290287017822266,-2.5063436031341553
-0.6327368021011353,-8.085265159606934,4.415118217468262,-4.171839714050293
6.936964511871338,-1.855507254600525,9.892524719238281,-4.279150485992432
-0.6345757246017456,-8.296111106872559,4.422353267669678,-3.900986671447754
5.596186637878418,-1.6244486570358276,11.644559860229492,-5.423727035522461
-0.6236814260482788,-7.677491664886475,4.409818649291992,-4.250579833984375
12.051715850830078,-5.811045169830322,12.827094078063965,-3.40213942527771
-0.6314330697059631,-8.624890327453613,4.4502434730529785,-3.7335920333862305
7.6110687255859375,-1.5597668886184692,10.148255348205566,-3.7463631629943848
-0.6104229688644409,-6.868137359619141,4.385870456695557,-4.675955772399902
5.272729873657227,-2.09171462059021,12.727548599243164,-3.8243377208709717
-0.6556574702262878,-7.956023216247559,4.418374538421631,-4.412651062011719
8.704530715942383,-1.741004228591919,13.255727767944336,-3.0446481704711914
-0.6504179835319519,-7.887434959411621,4.4001688957214355,-4.262178421020508
8.071528434753418,-2.095229148864746,12.353137969970703,-6.938594818115234
-0.6084765791893005,-7.337442874908447,4.380621910095215,-4.78218936920166
14.592747688293457,-1.2925513982772827,13.999439239501953,-2.316286563873291
-0.6561493277549744,-8.312664031982422,4.396600723266602,-4.745426177978516
8.809091567993164,-1.5646631717681885,9.957094192504883,-6.2034831047058105
-0.6233270168304443,-8.852616310119629,4.4066057205200195,-3.955526351928711
7.639603614807129,-0.9754490256309509,15.669075012207031,-2.8702738285064697
-0.6171632409095764,-6.782553672790527,4.428390979766846,-4.79960823059082
17.858253479003906,-1.6489499807357788,20.708337783813477,-5.108248233795166
-0.6461671590805054,-7.5132598876953125,4.4241414070129395,-4.734707832336426
8.262954711914062,-2.3250303268432617,14.498734474182129,-3.4905731678009033
-0.6555551886558533,-7.464173793792725,4.42723274230957,-4.379335403442383
8.428986549377441,-1.8545767068862915,11.247133255004883,-3.415343999862671
-0.6497876644134521,-6.731773376464844,4.414939880371094,-4.843265533447266
4.925876617431641,-0.7745156288146973,12.505155563354492,-3.275481939315796
-0.6522455811500549,-6.80838680267334,4.393285751342773,-5.022687911987305
5.685114860534668,-1.7372602224349976,10.880619049072266,-8.832076072692871
-0.6074420213699341,-7.7106428146362305,4.396199703216553,-5.03523063659668
11.212259292602539,-3.1466023921966553,8.655728340148926,-2.532871961593628
-0.607844889163971,-7.668274879455566,4.408346176147461,-5.365421295166016
15.086103439331055,-2.153700351715088,10.070341110229492,-3.4537312984466553
-0.6215483546257019,-7.109577655792236,4.364650726318359,-5.639019966125488
8.155683517456055,-2.075439453125,11.061873435974121,-4.541528224945068
-0.6600932478904724,-8.074199676513672,4.3806376457214355,-5.337907791137695
6.032106399536133,-1.7019506692886353,9.779800415039062,-3.420886993408203
-0.6470717787742615,-8.265460014343262,4.390554428100586,-5.10488224029541
6.597805976867676,-1.0844954252243042,9.325936317443848,-3.394108295440674
-0.6473671197891235,-7.560823917388916,4.369871139526367,-5.143048286437988
5.112460136413574,-1.5047080516815186,10.858283996582031,-3.3045318126678467
-0.6608258485794067,-8.394688606262207,4.356662273406982,-4.889421463012695
22.663490295410156,-1.3907430171966553,19.00743865966797,-4.9607343673706055
-0.6353837251663208,-8.335457801818848,4.353601932525635,-5.109339714050293
8.021100997924805,-2.799428701400757,9.95621395111084,-3.4960293769836426
-0.6634300947189331,-7.368246078491211,4.362144470214844,-5.435550689697266
7.2718706130981445,-1.2717931270599365,11.563453674316406,-3.0329463481903076
-0.6378867030143738,-7.864512920379639,4.353887557983398,-5.351870536804199
4.996212959289551,-1.5906665325164795,10.746622085571289,-2.1757655143737793
-0.641035795211792,-8.095064163208008,4.349325180053711,-5.442688941955566
4.7816362380981445,-0.6838877201080322,11.407403945922852,-3.6937663555145264
-0.6529138088226318,-7.5654473304748535,4.354440689086914,-5.448558807373047
6.6740007400512695,-1.3863856792449951,8.125324249267578,-5.171647071838379
-0.645545482635498,-8.216340065002441,4.347782611846924,-4.895029067993164
9.879680633544922,-2.6052184104919434,13.430517196655273,-3.309108018875122
-0.6648309230804443,-7.986365795135498,4.348433494567871,-5.054531097412109
13.945460319519043,-0.9844628572463989,13.599634170532227,-4.544962406158447
-0.6551271677017212,-8.002579689025879,4.350278854370117,-4.592803955078125
9.979552268981934,-1.9456268548965454,12.18996810913086,-2.2791154384613037
-0.6626293659210205,-8.107515335083008,4.34608268737793,-4.222746849060059
6.190380096435547,-2.8660953044891357,11.935101509094238,-2.6477086544036865
-0.6605852842330933,-7.400731563568115,4.345585823059082,-4.394608497619629
9.342706680297852,-1.6330913305282593,16.433937072753906,-3.434638738632202
-0.6422074437141418,-8.267365455627441,4.366631984710693,-3.7430362701416016
5.692413330078125,-0.8460025191307068,10.551633834838867,-6.971502780914307
-0.6386209726333618,-6.957901954650879,4.349775314331055,-4.534010887145996
7.300475597381592,-3.489741086959839,12.085495948791504,-3.081160545349121
-0.6627128720283508,-8.174358367919922,4.371329307556152,-4.166232109069824
10.931373596191406,-1.0265648365020752,11.710552215576172,-5.121372222900391
-0.6681253910064697,-7.868778228759766,4.3442206382751465,-4.00869083404541
7.349706649780273,-1.7492523193359375,15.482860565185547,-4.841029644012451
-0.6392019987106323,-7.102358341217041,4.343053817749023,-4.3359222412109375
9.619799613952637,-7.132983684539795,10.251174926757812,-2.418322801589966
-0.6671006679534912,-7.768890857696533,4.36043643951416,-4.169338226318359
18.399757385253906,-1.6871557235717773,8.06142520904541,-2.4372129440307617
-0.6495446562767029,-8.12268352508545,4.352939128875732,-3.4745187759399414
4.974488258361816,-2.018101453781128,9.646414756774902,-3.2197139263153076
-0.6579849123954773,-6.825514316558838,4.341895580291748,-4.138726234436035
5.973409175872803,-1.3167749643325806,10.407280921936035,-2.7051637172698975
-0.6740046143531799,-7.534035682678223,4.339695930480957,-3.862666130065918
8.447854995727539,-1.4694336652755737,13.8868408203125,-9.459493637084961
-0.6728929877281189,-7.491457462310791,4.372689247131348,-3.42948055267334
7.480035781860352,-2.0351414680480957,8.32840347290039,-4.69193172454834
-0.6676486134529114,-6.7840166091918945,4.352928161621094,-4.230712890625
8.071263313293457,-0.992255687713623,12.03895378112793,-3.0629115104675293
-0.6565017104148865,-7.916293144226074,4.347561836242676,-4.267843246459961
7.289263725280762,-6.260953426361084,10.471723556518555,-3.4514529705047607
-0.6743924617767334,-8.059879302978516,4.366716384887695,-3.8779993057250977
7.508441925048828,-1.0469144582748413,11.10993766784668,-2.624107837677002
-0.6605185270309448,-7.062066555023193,4.344171047210693,-4.403963088989258
16.239978790283203,-1.5314254760742188,11.793939590454102,-5.254161357879639
-0.6638047695159912,-7.662126064300537,4.339744567871094,-4.903841972351074
8.641682624816895,-0.6205865144729614,18.673118591308594,-2.828167676925659
-0.671766996383667,-8.334613800048828,4.3609490394592285,-4.380097389221191
5.622905731201172,-2.0116584300994873,17.511272430419922,-3.487539291381836
-0.674747109413147,-7.8779401779174805,4.340409755706787,-4.517175674438477
7.376745223999023,-1.356809139251709,10.100393295288086,-4.242951393127441
-0.674358069896698,-8.292783737182617,4.333374977111816,-4.566804885864258
9.270013809204102,-2.2933461666107178,11.522069931030273,-2.869952440261841
-0.6620290875434875,-8.157413482666016,4.333006381988525,-4.190881729125977
7.992159366607666,-0.8648712038993835,11.959177017211914,-3.0207982063293457
-0.6703445911407471,-7.022586345672607,4.335236072540283,-5.1497802734375
5.615354537963867,-0.8034655451774597,7.55095100402832,-3.9788386821746826
-0.6681894659996033,-8.42607307434082,4.328279495239258,-5.497298240661621
9.803182601928711,-0.7974620461463928,14.945828437805176,-3.1107289791107178
-0.6743084192276001,-8.11487102508545,4.330739974975586,-5.12587833404541
5.4942474365234375,-3.4246602058410645,14.986053466796875,-3.241672992706299
-0.6658974289894104,-7.084649562835693,4.334700107574463,-5.107670783996582
9.301634788513184,-0.6820358037948608,11.215398788452148,-3.265371799468994
-0.6714097261428833,-7.904123306274414,4.330941200256348,-4.847269058227539
12.26614761352539,-2.924447536468506,14.209550857543945,-4.123838424682617
-0.6721019148826599,-7.967824459075928,4.3418426513671875,-4.547664642333984
7.149842262268066,-4.798930644989014,9.189952850341797,-2.4741504192352295
-0.677245020866394,-7.389898777008057,4.326356410980225,-4.830975532531738
12.5679931640625,-0.9513720870018005,16.29265785217285,-3.0512588024139404
-0.6799011826515198,-8.434621810913086,4.329033374786377,-4.47722053527832
7.285961627960205,-1.8771898746490479,10.79714584350586,-3.0796163082122803
-0.672741711139679,-7.098349571228027,4.330249786376953,-4.684578895568848
6.855670928955078,-3.5543525218963623,12.405952453613281,-2.923060417175293
-0.6728784441947937,-7.460514068603516,4.331618785858154,-4.405431747436523
6.30849552154541,-1.2946693897247314,15.20694351196289,-1.8438955545425415
-0.678566038608551,-8.056026458740234,4.328467845916748,-4.171988487243652
8.793689727783203,-1.3085395097732544,14.020238876342773,-4.078390121459961
-0.6740664839744568,-7.124874591827393,4.3289079666137695,-4.247657775878906
8.903741836547852,-0.9023547172546387,11.205669403076172,-2.7407608032226562
-0.6799231171607971,-7.498734474182129,4.335832595825195,-4.075885772705078
7.060558319091797,-1.3137363195419312,10.037782669067383,-2.7583296298980713
-0.6796943545341492,-7.62434720993042,4.333122253417969,-4.520220756530762
7.557782173156738,-1.2714864015579224,12.374393463134766,-3.447362184524536
-0.6752025485038757,-7.996762275695801,4.329782009124756,-4.058985710144043
6.535148620605469,-1.603908896446228,12.498955726623535,-2.5139663219451904
-0.6837838292121887,-8.327343940734863,4.324949741363525,-4.460325241088867
8.846014022827148,-2.3716282844543457,13.097652435302734,-8.280816078186035
-0.6775201559066772,-7.371694564819336,4.3303351402282715,-4.0194292068481445
12.26259994506836,-1.7371923923492432,9.70960807800293,-3.329723834991455
-0.6803497076034546,-8.375865936279297,4.324798583984375,-4.519435882568359
18.22480010986328,-1.153601050376892,11.176477432250977,-4.562681198120117
-0.6722956895828247,-7.176004886627197,4.328888893127441,-3.7675113677978516
4.340476989746094,-3.74485182762146,8.0550537109375,-3.151019811630249
-0.6818958520889282,-8.707265853881836,4.321158409118652,-4.2596330642700195
10.450627326965332,-2.552136182785034,14.645429611206055,-3.4038524627685547
-0.6824162006378174,-6.924348831176758,4.323729038238525,-3.4513931274414062
6.069156646728516,-3.427983522415161,11.856705665588379,-1.9971894025802612
-0.6800035238265991,-8.806097030639648,4.327297210693359,-3.719308853149414
4.986397743225098,-1.6358665227890015,10.759740829467773,-3.6926491260528564
-0.683306097984314,-7.873871803283691,4.327020645141602,-4.609240531921387
16.191585540771484,-2.1020591259002686,10.726612091064453,-2.5405662059783936
-0.6821168065071106,-7.239506244659424,4.322563171386719,-3.123654365539551
6.8751044273376465,-1.6328810453414917,13.824216842651367,-4.437121391296387
-0.6813337802886963,-7.765618801116943,4.33159875869751,-3.94537353515625
6.012332916259766,-2.768678665161133,10.83336353302002,-3.3325836658477783
-0.6766393780708313,-8.742029190063477,4.321274757385254,-4.867931365966797
7.9109721183776855,-1.1000388860702515,11.26944351196289,-3.6265804767608643
-0.6780253052711487,-7.657468318939209,4.322573661804199,-3.740300178527832
6.510546684265137,-1.8320330381393433,10.363006591796875,-4.007562160491943
-0.680282473564148,-7.527146339416504,4.32243537902832,-3.356106758117676
15.984146118164062,-1.1567291021347046,11.78028392791748,-7.551952362060547
-0.6824491620063782,-8.434799194335938,4.328366279602051,-4.889269828796387
7.565421104431152,-3.154644250869751,10.860296249389648,-4.6297783851623535
-0.6831886172294617,-7.940967082977295,4.320468425750732,-4.239184379577637
4.281001091003418,-1.2802774906158447,11.485565185546875,-2.0268514156341553
-0.6857064962387085,-7.282137870788574,4.320807456970215,-3.5162343978881836
6.63040018081665,-2.37847900390625,9.408784866333008,-4.600498199462891
-0.6843904256820679,-8.327737808227539,4.319623947143555,-4.739498138427734
10.584220886230469,-3.5568082332611084,10.668816566467285,-3.4716899394989014
-0.684824526309967,-8.472475051879883,4.335441589355469,-4.644525527954102
14.166494369506836,-1.7458984851837158,11.229381561279297,-2.2046077251434326
-0.6830444931983948,-7.08124303817749,4.317829608917236,-3.749418258666992
6.606941223144531,-1.5280941724777222,8.285633087158203,-3.1535141468048096
-0.6858426332473755,-7.285038471221924,4.31738805770874,-4.098852157592773
6.7294087409973145,-1.801561951637268,13.984764099121094,-2.8110244274139404
-0.6858572363853455,-8.51385498046875,4.3196845054626465,-4.889690399169922
9.704147338867188,-1.3530868291854858,10.958423614501953,-5.355259418487549
-0.6830012202262878,-7.837342262268066,4.31847620010376,-4.741100311279297
6.281556129455566,-3.8253915309906006,10.426820755004883,-2.4343252182006836
-0.6845300197601318,-7.393853187561035,4.321047782897949,-4.3253583908081055
16.910877227783203,-1.9520399570465088,11.41740608215332,-2.9362592697143555
-0.6840928196907043,-8.480575561523438,4.315326690673828,-5.045232772827148
13.421595573425293,-3.2565670013427734,10.3955078125,-2.5443382263183594
-0.6831147074699402,-8.259748458862305,4.316015720367432,-5.115251541137695
8.208687782287598,-2.5195043087005615,8.430898666381836,-3.168649435043335
-0.6848241686820984,-7.432920932769775,4.315135955810547,-4.30488395690918
6.138084888458252,-1.50021493434906,13.830425262451172,-2.845869541168213
-0.6863679885864258,-7.884529113769531,4.31602668762207,-4.788089752197266
7.6314849853515625,-1.9952707290649414,8.970108985900879,-2.692124843597412
-0.6852554082870483,-8.35970401763916,4.315980434417725,-4.760149002075195
10.015959739685059,-2.253343105316162,13.74190902709961,-2.017690896987915
-0.6840921640396118,-7.380128383636475,4.320015907287598,-3.9486207962036133
7.678979396820068,-2.8100037574768066,10.158221244812012,-2.3895418643951416
-0.6818823218345642,-7.8743181228637695,4.314256191253662,-3.864521026611328
7.137097358703613,-2.6742091178894043,18.070547103881836,-4.361576080322266
-0.686407208442688,-7.867320537567139,4.315095901489258,-4.144292831420898
4.762731552124023,-1.3788673877716064,9.883466720581055,-3.6675426959991455
-0.6857216954231262,-7.627288818359375,4.318681716918945,-3.492809295654297
9.147022247314453,-1.3994836807250977,10.294748306274414,-2.710946559906006
-0.6876789331436157,-7.6437273025512695,4.315129280090332,-4.292998313903809
6.27894401550293,-2.3044698238372803,11.741227149963379,-3.854266405105591
-0.6863979697227478,-8.67064094543457,4.314262866973877,-3.824085235595703
8.607707023620605,-1.660528540611267,18.717487335205078,-3.5840556621551514
-0.6852508783340454,-6.84259557723999,4.31712532043457,-4.250004768371582
7.135202407836914,-5.485941410064697,7.409990310668945,-3.7908737659454346
-0.6841002702713013,-8.052173614501953,4.318418025970459,-4.150264739990234
6.588901519775391,-1.921329379081726,10.278177261352539,-3.2429161071777344
-0.6879823803901672,-8.153703689575195,4.314732074737549,-4.427186012268066
13.507484436035156,-3.585575819015503,17.884048461914062,-2.496493339538574
-0.688255250453949,-7.137269496917725,4.3133440017700195,-4.389270782470703
6.460762023925781,-2.0561797618865967,13.34054946899414,-3.293552875518799
-0.6869052052497864,-7.303461074829102,4.3128767013549805,-3.9687986373901367
9.313426971435547,-1.2087554931640625,16.230220794677734,-5.688465595245361
-0.6861457824707031,-9.006693840026855,4.314056873321533,-4.2964582443237305
15.721536636352539,-2.714913845062256,9.180036544799805,-3.884801149368286
-0.687756359577179,-8.702306747436523,4.313742160797119,-4.903931617736816
5.132929801940918,-1.5034644603729248,7.773107528686523,-8.545160293579102
-0.6872628927230835,-7.855218410491943,4.314563274383545,-3.6779708862304688
5.539996147155762,-1.9836711883544922,11.8783597946167,-3.6567821502685547
-0.6875618696212769,-7.960259437561035,4.313849449157715,-3.562612533569336
7.477056503295898,-0.9962788820266724,14.143770217895508,-4.277444362640381
-0.6831503510475159,-7.53616189956665,4.312496185302734,-4.426801681518555
5.882019996643066,-6.689112186431885,12.201663970947266,-2.955660581588745
-0.6855281591415405,-7.564799785614014,4.311877250671387,-3.987306594848633
14.274362564086914,-2.4514245986938477,11.792997360229492,-3.9446752071380615
-0.6865748763084412,-7.489907264709473,4.313440322875977,-3.7503814697265625
10.453426361083984,-1.3076748847961426,12.393348693847656,-4.190443992614746
-0.6834981441497803,-7.5017008781433105,4.315165996551514,-4.613266944885254
6.913014888763428,-2.53436279296875,12.683499336242676,-6.259625434875488
-0.6883941888809204,-7.954316139221191,4.31348991394043,-4.646406173706055
5.633336067199707,-2.117492914199829,9.740198135375977,-4.882125377655029
-0.6861187815666199,-7.4151129722595215,4.315596580505371,-3.9902572631835938
13.118711471557617,-1.5089014768600464,20.844539642333984,-5.5231709480285645
-0.689559817314148,-7.39357328414917,4.312066078186035,-4.499077796936035
5.382002353668213,-3.0733020305633545,8.197408676147461,-3.0786566734313965
-0.6889899373054504,-8.771810531616211,4.312455654144287,-4.470371246337891
12.902173042297363,-2.736520528793335,10.255859375,-5.716630458831787
-0.688141942024231,-7.897754192352295,4.312802314758301,-4.086701393127441
11.073446273803711,-0.6238221526145935,14.076332092285156,-4.827426433563232
-0.687710702419281,-7.0425214767456055,4.3136091232299805,-4.042751312255859
6.093788146972656,-1.0657767057418823,8.49598217010498,-2.700740098953247
-0.6868043541908264,-8.180607795715332,4.311992645263672,-4.347750663757324
4.956745624542236,-1.4609262943267822,11.349047660827637,-2.8452672958374023
-0.6887413263320923,-8.090954780578613,4.312055587768555,-4.456433296203613
7.517323017120361,-0.8086156249046326,11.052267074584961,-2.8898138999938965
-0.6882941126823425,-7.3431220054626465,4.313408851623535,-3.9456472396850586
6.551932334899902,-1.6401855945587158,12.578315734863281,-3.36020827293396
-0.6878454685211182,-8.100143432617188,4.311262607574463,-3.823556900024414
8.730222702026367,-5.31464958190918,12.841808319091797,-2.7350449562072754
-0.6890413165092468,-7.9409637451171875,4.312155723571777,-4.376422882080078
5.418089866638184,-3.1098992824554443,10.376136779785156,-2.8682286739349365
-0.6882158517837524,-7.994707107543945,4.313838005065918,-3.636648178100586
9.691495895385742,-2.1448569297790527,9.563981056213379,-1.9174187183380127
-0.6887532472610474,-7.777390956878662,4.310262203216553,-4.430425643920898
7.613498687744141,-1.3108686208724976,10.716008186340332,-2.517040491104126
-0.6898268461227417,-8.260772705078125,4.314615726470947,-4.362461090087891
11.376984596252441,-2.05954909324646,11.53079605102539,-2.8918139934539795
-0.6885052919387817,-7.2530951499938965,4.310518264770508,-3.838809013366699
8.802852630615234,-0.6114973425865173,16.241830825805664,-3.2998275756835938
-0.6887822151184082,-7.622029781341553,4.313594341278076,-4.097894668579102
6.1516618728637695,-2.740738868713379,8.919991493225098,-3.0079591274261475
-0.6895016431808472,-8.478059768676758,4.311019420623779,-3.9408082962036133
6.936285972595215,-1.204868197441101,9.841639518737793,-3.4356648921966553
-0.6908236145973206,-6.756308555603027,4.310238361358643,-4.025782585144043
14.2028169631958,-4.436279296875,13.893112182617188,-3.445697784423828
-0.6895443201065063,-8.633134841918945,4.310973167419434,-3.5730361938476562
7.790733814239502,-1.1196492910385132,13.502885818481445,-6.577304840087891
-0.6897029876708984,-7.489631175994873,4.311270236968994,-5.135637283325195
9.502806663513184,-1.4305140972137451,11.01927661895752,-3.0299203395843506
-0.6899523735046387,-6.837939262390137,4.3101806640625,-4.629111289978027
12.910293579101562,-1.7492212057113647,8.224946975708008,-3.5343120098114014
-0.6905015707015991,-7.005517959594727,4.31046199798584,-4.026995658874512
7.276838302612305,-2.2864699363708496,8.585216522216797,-3.109013319015503
-0.6903911232948303,-7.712299823760986,4.310910701751709,-5.019787788391113
8.819148063659668,-2.045896291732788,12.539459228515625,-5.19658899307251
-0.6906551122665405,-7.462916851043701,4.311232089996338,-5.480527877807617
7.877023696899414,-0.942298412322998,9.290426254272461,-2.5942063331604004
-0.6904229521751404,-7.219789028167725,4.310932159423828,-4.82337760925293
8.069729804992676,-1.341048002243042,7.848411560058594,-2.0875446796417236
-0.6905482411384583,-7.606392860412598,4.310194969177246,-4.161230087280273
15.54180908203125,-3.427107334136963,12.483329772949219,-4.121511459350586
-0.6893436312675476,-7.6371355056762695,4.310607433319092,-4.959293365478516
6.987669467926025,-1.5685287714004517,13.346073150634766,-2.677900791168213
-0.6888465285301208,-7.540263652801514,4.310373306274414,-5.276937484741211
7.82004451751709,-2.477341890335083,8.11100959777832,-2.4532108306884766
-0.6914242506027222,-7.770181655883789,4.309859275817871,-4.681012153625488
8.16036605834961,-1.9100258350372314,9.418039321899414,-2.8625354766845703
-0.6902287602424622,-7.519164562225342,4.309616565704346,-4.274938583374023
9.017333984375,-1.408573031425476,7.642175674438477,-6.081897735595703
-0.6908385753631592,-7.165853977203369,4.310534477233887,-4.659726142883301
5.090123176574707,-2.0503475666046143,13.06450080871582,-2.9611597061157227
-0.6904369592666626,-7.7700629234313965,4.309604167938232,-4.828531265258789
7.696393966674805,-0.8193255662918091,10.26371955871582,-2.5781543254852295
-0.6908344626426697,-8.072967529296875,4.309206008911133,-4.399044036865234
13.555864334106445,-1.2540669441223145,7.5313215255737305,-3.9606900215148926
-0.690643846988678,-7.592775821685791,4.309418678283691,-4.270547866821289
7.9362664222717285,-2.1430540084838867,7.382573127746582,-4.52302885055542
-0.6913707256317139,-7.673389911651611,4.3093414306640625,-4.290560722351074
7.575126647949219,-2.498288869857788,13.546980857849121,-4.110429286956787
-0.6904237270355225,-8.193706512451172,4.309112548828125,-4.068415641784668
10.632488250732422,-2.6250696182250977,10.064337730407715,-4.911989212036133
-0.6907018423080444,-7.905046463012695,4.309615612030029,-3.884406089782715
10.021076202392578,-2.35711669921875,11.818826675415039,-3.815939426422119
-0.6905639171600342,-7.453486919403076,4.308867931365967,-3.8525915145874023
11.432245254516602,-1.4981034994125366,9.523042678833008,-4.3967390060424805
-0.6904948353767395,-7.988658905029297,4.309452533721924,-3.8779335021972656
7.559465408325195,-0.957100510597229,10.605533599853516,-2.9826111793518066
-0.6906772255897522,-8.087196350097656,4.30923318862915,-4.01026725769043
12.86864185333252,-1.6755269765853882,11.502233505249023,-2.678842306137085
-0.6913444995880127,-7.239978313446045,4.308615207672119,-4.107338905334473
6.773303031921387,-2.1480300426483154,10.78078842163086,-3.7144265174865723
-0.6905608177185059,-7.265066146850586,4.309421539306641,-3.897533416748047
6.127015113830566,-1.3902204036712646,8.42154312133789,-2.927922010421753
-0.6908766627311707,-7.701295375823975,4.3091139793396,-4.089987754821777
6.523836135864258,-2.260676622390747,15.961456298828125,-2.3806209564208984
-0.6915784478187561,-7.513588905334473,4.308989524841309,-4.132655143737793
7.261590003967285,-1.541991114616394,11.50900650024414,-3.9347875118255615
-0.690677285194397,-7.6065521240234375,4.308951377868652,-3.675821304321289
4.52220344543457,-2.1263155937194824,16.692855834960938,-2.649853467941284
-0.6908974647521973,-7.646671772003174,4.30873966217041,-3.8256216049194336
8.26020622253418,-1.1899988651275635,15.79463005065918,-3.537984848022461
-0.6913591027259827,-7.69982385635376,4.309422016143799,-3.912294387817383
7.088326454162598,-3.6601722240448,13.833158493041992,-3.894346237182617
-0.6909390687942505,-7.817259788513184,4.3086957931518555,-3.7509050369262695
14.49212646484375,-2.3157241344451904,12.659481048583984,-4.341020107269287
-0.6919322609901428,-7.4737138748168945,4.308957576751709,-4.067025184631348
8.347162246704102,-3.1039063930511475,12.41804313659668,-5.558178901672363
-0.6908822059631348,-8.134839057922363,4.310211658477783,-3.8583946228027344
7.747134685516357,-1.9211276769638062,12.450309753417969,-5.706058502197266
-0.6914244890213013,-7.256165981292725,4.308516025543213,-3.8350257873535156
10.129504203796387,-0.7750775218009949,13.820113182067871,-3.8048179149627686
-0.6910777688026428,-7.878173351287842,4.308586120605469,-3.451399803161621
6.364412784576416,-0.5999726057052612,15.434483528137207,-4.204441547393799
-0.6916090250015259,-7.609986305236816,4.3088154792785645,-3.6630859375
10.004463195800781,-0.8823187947273254,13.597831726074219,-2.497495412826538
-0.6909754872322083,-7.475128173828125,4.308615684509277,-3.4248714447021484
9.32291030883789,-2.7813613414764404,14.941855430603027,-4.282227993011475
-0.6916495561599731,-7.8342766761779785,4.308690071105957,-3.7663087844848633
7.298425674438477,-2.3682572841644287,8.090414047241211,-2.821143865585327
-0.6911550760269165,-7.830500602722168,4.308530330657959,-3.562875747680664
6.617552757263184,-2.1301000118255615,10.266502380371094,-2.8893239498138428
-0.691313624382019,-7.693953037261963,4.308691024780273,-3.709287643432617
16.478195190429688,-1.7411161661148071,9.612617492675781,-3.1215932369232178
-0.6908974051475525,-8.095909118652344,4.308743476867676,-3.679088592529297
7.66868257522583,-1.713007926940918,9.111368179321289,-2.4462814331054688
-0.6916998624801636,-6.7157793045043945,4.309373378753662,-4.330587387084961
10.691807746887207,-2.509030818939209,13.419300079345703,-3.74652361869812
-0.6913431882858276,-9.398640632629395,4.308951377868652,-3.446676254272461
4.373741626739502,-1.0245383977890015,14.923643112182617,-3.5715909004211426
-0.6918039321899414,-7.602257251739502,4.308200836181641,-5.369227409362793
5.9573822021484375,-2.1984565258026123,17.1019229888916,-2.1520490646362305
-0.6916801929473877,-7.00608491897583,4.309156894683838,-5.108887672424316
6.63629150390625,-1.29354989528656,10.691116333007812,-3.0410990715026855
-0.6917290091514587,-6.643267631530762,4.309364318847656,-4.33683967590332
5.582231521606445,-1.438812494277954,12.481483459472656,-3.77085280418396
-0.6915727853775024,-6.8860907554626465,4.308899879455566,-4.117866516113281
5.3322906494140625,-2.45621657371521,10.763724327087402,-2.54923152923584
-0.6913475394248962,-6.801337718963623,4.308253288269043,-4.703699111938477
8.231534004211426,-0.6846610903739929,12.265007019042969,-2.990370750427246
-0.6918839812278748,-6.512012004852295,4.308094024658203,-5.3512983322143555
8.379922866821289,-3.9785213470458984,12.553324699401855,-3.923341751098633
-0.6918314695358276,-6.803993225097656,4.307850360870361,-5.485164642333984
7.401056289672852,-5.388803005218506,9.875349998474121,-4.037158012390137
-0.6920101642608643,-7.359619617462158,4.309065341949463,-5.2581787109375
9.624566078186035,-1.3016606569290161,13.223421096801758,-3.5671825408935547
-0.692395031452179,-7.608242511749268,4.308157920837402,-4.977378845214844
12.798702239990234,-1.8322210311889648,12.375875473022461,-2.5785202980041504
-0.6920338869094849,-7.4427032470703125,4.308505058288574,-4.825023651123047
34.27376937866211,-1.5324859619140625,12.019259452819824,-3.60258150100708
-0.6918997764587402,-7.132635593414307,4.309016227722168,-4.881441116333008
8.560956954956055,-1.5311869382858276,13.158276557922363,-2.205203056335449
-0.691914439201355,-7.2123308181762695,4.308707237243652,-4.917370796203613
7.117373466491699,-1.308074712753296,12.154900550842285,-2.4314992427825928
-0.6918936967849731,-7.197281360626221,4.308685779571533,-4.787540435791016
14.285799980163574,-2.831921339035034,9.41175651550293,-3.8388466835021973
-0.6920233964920044,-7.168517112731934,4.3087158203125,-4.440842628479004
9.091337203979492,-1.7316852807998657,13.57735538482666,-3.1820104122161865
-0.6914952397346497,-7.283602714538574,4.30851936340332,-4.103952407836914
5.549644947052002,-1.5826659202575684,10.267333030700684,-3.5359768867492676
-0.6919999718666077,-7.372557163238525,4.309101104736328,-4.059194564819336
6.945075988769531,-1.6586233377456665,11.047269821166992,-2.608786106109619
-0.6916040778160095,-7.272425174713135,4.309502601623535,-4.3994903564453125
8.239253997802734,-2.2946746349334717,11.323829650878906,-3.9472053050994873
-0.6912215948104858,-7.042175769805908,4.309051036834717,-4.757183074951172
6.821914196014404,-3.744192600250244,11.479930877685547,-4.1265974044799805
-0.6910938024520874,-6.925088882446289,4.309505939483643,-4.927216529846191
6.152861595153809,-1.1065624952316284,9.994168281555176,-4.388595104217529
-0.6898414492607117,-6.960753440856934,4.3091139793396,-4.83345890045166
6.281391143798828,-1.6673835515975952,13.221237182617188,-4.7179412841796875
-0.6912659406661987,-7.049005508422852,4.309567451477051,-4.732175827026367
5.865203857421875,-1.018854022026062,10.83269214630127,-2.4274749755859375
-0.6912715435028076,-7.065074443817139,4.310678958892822,-4.738856315612793
15.374177932739258,-2.3811452388763428,9.385222434997559,-3.187798261642456
-0.6902778744697571,-7.064138889312744,4.309065341949463,-4.7895402908325195
6.042023658752441,-1.746986985206604,11.531660079956055,-2.2915608882904053
-0.6908882260322571,-7.1365966796875,4.309634208679199,-4.696274757385254
12.951736450195312,-0.8291117548942566,9.082147598266602,-2.5714340209960938
-0.6911755204200745,-7.234438419342041,4.3092169761657715,-4.43027400970459
6.462504863739014,-2.1318540573120117,7.703042030334473,-3.6143646240234375
-0.6898766756057739,-7.178199768066406,4.3090691566467285,-4.148719787597656
6.097111225128174,-2.743795156478882,11.70745849609375,-3.3014259338378906
-0.6902592778205872,-7.017332553863525,4.308925628662109,-4.119476318359375
9.526618957519531,-1.2984331846237183,9.967634201049805,-4.9818854331970215
-0.6904053092002869,-7.126537799835205,4.3089280128479,-4.219704627990723
6.8686017990112305,-3.511883497238159,9.303043365478516,-5.6026930809021
-0.692026674747467,-7.503448963165283,4.308666706085205,-4.235219955444336
9.831430435180664,-1.707750678062439,11.79788589477539,-6.1183695793151855
-0.6916729807853699,-7.622708797454834,4.3108229637146,-4.090032577514648
11.825328826904297,-2.3380353450775146,14.385889053344727,-2.498852252960205
-0.6898335218429565,-7.348633289337158,4.311977386474609,-3.95273494720459
12.381939888000488,-3.704241991043091,9.625136375427246,-3.316448926925659
-0.6915851831436157,-7.205770015716553,4.3121256828308105,-3.867076873779297
7.19644832611084,-1.3889055252075195,8.774333953857422,-9.57369327545166
-0.6911183595657349,-7.550112724304199,4.310361385345459,-3.821526527404785
6.519349575042725,-1.4807928800582886,8.82361888885498,-3.4560868740081787
-0.6919857859611511,-7.780768394470215,4.31063175201416,-3.794917106628418
7.0024566650390625,-1.5205676555633545,19.380535125732422,-5.691856861114502
-0.6913121342658997,-7.591905117034912,4.310285568237305,-3.7176589965820312
6.123787879943848,-1.7554250955581665,9.874824523925781,-2.298053026199341
-0.6912578344345093,-7.537354469299316,4.309452056884766,-3.7023086547851562
8.772085189819336,-1.584743857383728,16.164981842041016,-2.7482335567474365
-0.6921504735946655,-7.657191753387451,4.3096232414245605,-3.7805728912353516
5.891506195068359,-1.6814022064208984,9.24928092956543,-3.2847745418548584
-0.6916928887367249,-7.557551383972168,4.308955192565918,-3.934422492980957
10.104084968566895,-1.1124345064163208,7.8428754806518555,-3.508216142654419
-0.6920900940895081,-7.620694637298584,4.309057235717773,-3.8277063369750977
7.570043087005615,-1.2767871618270874,9.615337371826172,-2.153510332107544
-0.6921339631080627,-7.74553108215332,4.310179233551025,-3.6608734130859375
6.055827617645264,-1.253602385520935,9.02149772644043,-3.9673962593078613
-0.6922526359558105,-7.590855121612549,4.309288024902344,-3.621145248413086
9.604978561401367,-0.8790544867515564,10.427825927734375,-4.772129058837891
-0.6920456886291504,-7.6788740158081055,4.309800148010254,-3.406134605407715
6.134417533874512,-1.475708246231079,10.173517227172852,-3.8026771545410156
-0.6919042468070984,-7.506018161773682,4.309525966644287,-3.3686323165893555
7.061703681945801,-2.1410624980926514,21.18511390686035,-2.7248294353485107
-0.6917077302932739,-7.66743803024292,4.309549331665039,-3.4508323669433594
5.487231254577637,-4.085839748382568,12.066217422485352,-5.94574499130249
-0.6922923922538757,-7.892948627471924,4.309506416320801,-3.468637466430664
7.745944499969482,-0.572829008102417,8.761066436767578,-2.1664927005767822
-0.6920156478881836,-7.620388984680176,4.308103561401367,-3.5153656005859375
13.820128440856934,-1.9893919229507446,12.49580192565918,-2.7663142681121826
-0.6915075778961182,-8.162572860717773,4.309115409851074,-3.4133291244506836
5.889759063720703,-1.1034661531448364,9.402199745178223,-3.486194610595703
-0.6924715638160706,-7.44366455078125,4.308884143829346,-3.8879165649414062
8.069668769836426,-2.2148733139038086,16.78527069091797,-3.621917486190796
-0.6924354434013367,-8.626596450805664,4.307958602905273,-3.5116653442382812
5.18660831451416,-2.2913661003112793,10.068220138549805,-5.161839962005615
-0.6927262544631958,-7.303966045379639,4.307896614074707,-4.303728103637695
21.60865592956543,-1.526671051979065,9.436809539794922,-2.644279956817627
-0.6920931935310364,-7.414399147033691,4.308515548706055,-4.037206649780273
8.035118103027344,-3.009248733520508,14.118542671203613,-2.836111545562744
-0.6915384531021118,-7.763073444366455,4.308399200439453,-3.6250133514404297
5.299365997314453,-1.7471226453781128,8.650635719299316,-3.2402596473693848
-0.6928500533103943,-7.218801498413086,4.307476997375488,-4.230088233947754
10.339635848999023,-2.060507297515869,9.986422538757324,-3.7241878509521484
-0.6921190619468689,-7.660646915435791,4.308063983917236,-3.999335289001465
8.970693588256836,-2.305551052093506,13.317754745483398,-3.699491262435913
-0.6928337812423706,-7.893614768981934,4.307136535644531,-3.60223388671875
7.934205532073975,-3.196789503097534,11.33595085144043,-4.981710910797119
-0.6925389170646667,-6.912560939788818,4.307614803314209,-4.32950496673584
5.393075466156006,-2.885530471801758,7.431763648986816,-5.253536701202393
-0.6927445530891418,-8.194100379943848,4.3072285652160645,-4.240216255187988
6.859574317932129,-1.1409775018692017,12.041749954223633,-2.2197930812835693
-0.6926600933074951,-7.692424297332764,4.307059288024902,-3.8310060501098633
5.749460220336914,-4.29667854309082,10.083663940429688,-3.5409977436065674
-0.6929804086685181,-7.046260833740234,4.307600498199463,-4.058014869689941
10.043573379516602,-0.696097731590271,13.037935256958008,-2.384946346282959
-0.6928421258926392,-7.932125568389893,4.30731201171875,-4.186077117919922
7.752227783203125,-1.048517107963562,10.918978691101074,-2.896185874938965
-0.6927247643470764,-8.207484245300293,4.30711555480957,-4.007830619812012
6.297529220581055,-0.7666500210762024,10.329460144042969,-2.8911550045013428
-0.6929749250411987,-7.2557501792907715,4.3073859214782715,-4.007434844970703
7.576696395874023,-1.482593059539795,9.746892929077148,-3.8571712970733643
-0.6927280426025391,-7.882994174957275,4.307043552398682,-3.9128990173339844
12.698932647705078,-3.156186580657959,16.838298797607422,-2.204998731613159
-0.6927302479743958,-8.167954444885254,4.306991100311279,-3.602691650390625
4.998653411865234,-2.6369965076446533,15.242006301879883,-3.4982802867889404
-0.6928424835205078,-7.120405197143555,4.307297706604004,-3.7975378036499023
13.2138671875,-1.570729374885559,10.85468578338623,-2.50778865814209
-0.6927652955055237,-8.055731773376465,4.307265758514404,-3.802165985107422
7.973645210266113,-1.7333087921142578,11.488052368164062,-5.406316757202148
-0.6930316686630249,-8.189688682556152,4.307660102844238,-4.062202453613281
22.92041778564453,-1.9173177480697632,16.456153869628906,-5.201432228088379
-0.6928025484085083,-7.259917259216309,4.307830333709717,-3.988062858581543
11.641642570495605,-1.2375978231430054,10.56339168548584,-5.168735980987549
-0.6927419900894165,-7.565690040588379,4.307058811187744,-3.585757255554199
8.088571548461914,-2.0684409141540527,11.754739761352539,-3.6360249519348145
-0.6930169463157654,-8.185888290405273,4.30764627456665,-3.8674049377441406
6.597747802734375,-3.076993227005005,11.828838348388672,-3.190889358520508
-0.6928723454475403,-7.740236759185791,4.3076276779174805,-3.9570493698120117
22.160057067871094,-0.613447368144989,14.226964950561523,-1.8825048208236694
-0.6928061246871948,-7.871225833892822,4.3069167137146,-3.642484664916992
10.135784149169922,-0.7921454310417175,16.351778030395508,-4.601095199584961
-0.6931003332138062,-7.527164936065674,4.307027339935303,-4.3003997802734375
6.197840690612793,-2.2200419902801514,10.755462646484375,-4.3135504722595215
-0.6928235292434692,-7.6369194984436035,4.30707311630249,-4.111647605895996
15.908618927001953,-2.7610652446746826,10.206460952758789,-2.658827304840088
-0.6928580403327942,-7.557070255279541,4.306943893432617,-4.073387145996094
6.870802879333496,-1.3686622381210327,10.547483444213867,-2.616204261779785
-0.6931761503219604,-7.583676815032959,4.307498455047607,-4.437498092651367
12.692188262939453,-1.2206300497055054,17.7615909576416,-3.3025498390197754
-0.6927797198295593,-8.002696990966797,4.307133197784424,-3.9739532470703125
5.595698356628418,-4.382336616516113,11.036603927612305,-2.7258472442626953
-0.6930119395256042,-7.325987339019775,4.306931972503662,-4.143130302429199
22.509241104125977,-1.399048924446106,9.557377815246582,-3.5540387630462646
-0.6930959224700928,-8.770806312561035,4.306915760040283,-4.260870933532715
7.024434566497803,-0.9237762689590454,11.989181518554688,-3.7499911785125732
-0.6929561495780945,-7.551959991455078,4.3075852394104,-4.431604385375977
9.37091064453125,-0.7736337184906006,9.976287841796875,-5.363256931304932
-0.6931262612342834,-7.8502092361450195,4.307232856750488,-3.9507904052734375
7.634598731994629,-1.6538549661636353,12.551515579223633,-2.9915335178375244
-0.6929864287376404,-8.440223693847656,4.306960105895996,-4.324804306030273
9.716951370239258,-1.3776425123214722,18.77406883239746,-4.833693504333496
-0.6929973363876343,-7.734384536743164,4.3069167137146,-4.0537214279174805
9.214987754821777,-2.5694916248321533,10.059835433959961,-2.413748025894165
-0.6931843161582947,-8.158477783203125,4.307027339935303,-3.752471923828125
6.1829681396484375,-1.1380709409713745,8.22637939453125,-7.84579610824585
-0.6930875182151794,-7.4918928146362305,4.307015895843506,-4.947101593017578
5.190858840942383,-1.6663029193878174,14.731499671936035,-3.17678165435791
-0.6921147108078003,-9.103649139404297,4.306994915008545,-3.7921791076660156
8.518453598022461,-1.9293415546417236,8.1262845993042,-4.247443199157715
-0.6930322647094727,-7.582579612731934,4.3072004318237305,-4.5269365310668945
8.98854923248291,-2.7052628993988037,9.665752410888672,-2.0111937522888184
-0.6928229928016663,-7.224278450012207,4.307389259338379,-4.945074081420898
9.738178253173828,-2.921696424484253,11.023429870605469,-2.3122050762176514
-0.6930443644523621,-7.822263240814209,4.307346343994141,-4.557311058044434
4.997815132141113,-3.3020520210266113,13.811115264892578,-2.6293015480041504
-0.6929985284805298,-7.762679100036621,4.307106018066406,-4.096036911010742
8.671708106994629,-2.116896629333496,11.409714698791504,-3.6549007892608643
-0.6930080652236938,-7.300620079040527,4.307318210601807,-4.242048263549805
11.888782501220703,-2.2094602584838867,8.905769348144531,-2.9762253761291504
-0.6930007934570312,-7.4257426261901855,4.306888580322266,-4.46489143371582
7.343538284301758,-4.034456729888916,8.402519226074219,-2.4527366161346436
-0.6930881142616272,-7.841518402099609,4.3071980476379395,-4.086907386779785
9.229727745056152,-1.8125594854354858,11.211111068725586,-2.625333547592163
-0.6925606727600098,-7.259949207305908,4.306926250457764,-3.9463272094726562
7.5333251953125,-1.4288042783737183,10.735754013061523,-3.2372493743896484
-0.6928575038909912,-7.078153610229492,4.306968688964844,-4.20369815826416
8.350493431091309,-1.5774706602096558,9.090206146240234,-3.162487745285034
-0.693016767501831,-8.236091613769531,4.306926727294922,-4.258584022521973
5.935622692108154,-1.9250051975250244,9.082258224487305,-4.978783130645752
-0.6930814385414124,-8.068400382995605,4.306990623474121,-4.2083330154418945
5.689354419708252,-1.3292063474655151,17.03547477722168,-2.0327675342559814
-0.6929916143417358,-7.3326897621154785,4.306944370269775,-4.167665481567383
7.540056228637695,-4.718005180358887,11.31867790222168,-2.950108289718628
-0.6929911375045776,-7.69443416595459,4.306945323944092,-4.233512878417969
11.191506385803223,-3.0486316680908203,10.141153335571289,-4.241899013519287
-0.6929982900619507,-8.205058097839355,4.30708646774292,-4.394308090209961
9.317485809326172,-0.9963762164115906,15.179967880249023,-2.1551151275634766
-0.6928808093070984,-7.868841171264648,4.307090759277344,-4.284690856933594
5.583304405212402,-0.5239698886871338,10.350517272949219,-2.5457959175109863
-0.6930540800094604,-7.872074127197266,4.307294845581055,-3.833698272705078
7.2388153076171875,-0.7033683657646179,9.256096839904785,-3.073068618774414
-0.6928996443748474,-8.104862213134766,4.307011127471924,-3.7093725204467773
8.08670425415039,-2.615567684173584,12.139817237854004,-4.877216339111328
-0.6930153965950012,-7.691672325134277,4.3069682121276855,-3.950253486633301
6.810764789581299,-1.70418381690979,15.223835945129395,-4.617184162139893
-0.693053662776947,-7.638185977935791,4.3069658279418945,-3.8255748748779297
7.275088310241699,-1.1328538656234741,12.133501052856445,-3.220557451248169
-0.6930152177810669,-7.899328708648682,4.306922435760498,-3.8954544067382812
6.895583152770996,-1.9232609272003174,14.324073791503906,-3.1745169162750244
-0.6930505037307739,-7.836802005767822,4.307498455047607,-4.279687881469727
