-4.962113380432129,0.1295478343963623,0.2621605545282364,0.6737281084060669,7.622743129730225
0.2553696632385254,4.097415208816528,4.252707004547119,4.370587468147278,5.556343078613281
-2.7353951930999756,-0.04327928461134434,0.11000322923064232,0.45299558341503143,11.062715530395508
0.9303317070007324,4.136071443557739,4.27718710899353,4.395935654640198,5.553548336029053
-3.7710673809051514,-0.03919888660311699,0.1298172026872635,0.48529063910245895,10.893752098083496
1.268247365951538,4.095988035202026,4.254904747009277,4.378424406051636,5.451660633087158
-4.042586326599121,-0.03845572471618652,0.14821036159992218,0.5473059862852097,9.720602989196777
1.281519889831543,4.059061408042908,4.230916976928711,4.358291387557983,5.346380710601807
-4.451331615447998,0.03317044023424387,0.1964232251048088,0.6156131774187088,7.412755966186523
1.094907522201538,4.019762992858887,4.210893869400024,4.34308934211731,5.345210552215576
-2.133013963699341,0.05842858925461769,0.23285534232854843,0.6593564748764038,12.174760818481445
0.792607307434082,3.989333927631378,4.196375608444214,4.329766035079956,5.313384532928467
-5.346182346343994,0.0412738099694252,0.20234741270542145,0.6307312250137329,15.914970397949219
0.6565761566162109,3.9659547805786133,4.184638023376465,4.325710296630859,5.260673522949219
-3.4108998775482178,0.07004359364509583,0.22967468202114105,0.6740747690200806,9.523344993591309
0.6094069480895996,3.9410889744758606,4.1761884689331055,4.320237159729004,5.218536853790283
-2.851351499557495,0.05185560043901205,0.2293483093380928,0.6732987463474274,9.632078170776367
0.5327887535095215,3.9222658276557922,4.169070243835449,4.316816926002502,5.275378227233887
-3.244940996170044,0.006570629775524139,0.20909325033426285,0.6551649570465088,10.480059623718262
0.43509578704833984,3.906083822250366,4.162783145904541,4.313677430152893,5.322938442230225
-2.5342423915863037,0.07905646227300167,0.2570044696331024,0.7097606956958771,11.071371078491211
0.3826022148132324,3.903706669807434,4.159167289733887,4.311357736587524,5.467138290405273
-2.868269681930542,0.11463035084307194,0.2899693250656128,0.7600553929805756,10.874589920043945
0.45479679107666016,3.9017456769943237,4.1580095291137695,4.308105230331421,5.53621768951416
-5.814507007598877,0.09962401166558266,0.26478464901447296,0.7193151116371155,11.612447738647461
0.6088771820068359,3.9042086601257324,4.158294200897217,4.3050642013549805,5.65873908996582
-4.0179762840271,0.099272595718503,0.2567877024412155,0.687361016869545,9.054671287536621
0.4582972526550293,3.9086244106292725,4.1592278480529785,4.3046135902404785,5.807774543762207
-5.049245357513428,0.08967773802578449,0.25024428963661194,0.7030279040336609,10.1566801071167
0.19205808639526367,3.9224636554718018,4.161266565322876,4.301699161529541,5.942807674407959
-2.437293529510498,0.08896809816360474,0.24774866551160812,0.6629019379615784,9.566239356994629
0.24250078201293945,3.929526448249817,4.164186477661133,4.3027753829956055,5.987170696258545
-5.165850639343262,0.07348390109837055,0.23095718026161194,0.6519518494606018,13.150060653686523
-0.02174234390258789,3.9245171546936035,4.160976409912109,4.299404859542847,5.928191661834717
-4.639554500579834,0.12941581010818481,0.2819370627403259,0.7381588518619537,9.536949157714844
-0.21912717819213867,3.9090861082077026,4.153902769088745,4.291000008583069,5.811343669891357
-4.1946635246276855,0.18931226804852486,0.33443108201026917,0.8046232163906097,8.725028038024902
-0.32837963104248047,3.889250338077545,4.141754627227783,4.282180666923523,5.664449214935303
-3.7368295192718506,0.08989758975803852,0.24276597797870636,0.6844233423471451,14.915912628173828
-0.49164438247680664,3.887634038925171,4.140345096588135,4.279708504676819,5.5406365394592285
-2.0528244972229004,0.11564011685550213,0.2701225131750107,0.7273164689540863,11.102447509765625
-0.6049742698669434,3.8960968255996704,4.146838903427124,4.280445337295532,5.424989700317383
-5.25037145614624,0.13598701730370522,0.30060169100761414,0.7455542981624603,7.414890289306641
-0.688286304473877,3.8836238384246826,4.139229774475098,4.27606475353241,5.255391597747803
-2.359692335128784,0.12206598185002804,0.28131623566150665,0.7478997111320496,10.956974983215332
-1.075791835784912,3.8669602274894714,4.131465673446655,4.270876884460449,5.193100452423096
-3.452852249145508,0.11528829485177994,0.27496369183063507,0.7136898785829544,12.900115966796875
-1.4365253448486328,3.858704626560211,4.127626895904541,4.26920473575592,5.275994777679443
-3.2923405170440674,0.08800907619297504,0.2662215828895569,0.734128400683403,11.923286437988281
-1.4085021018981934,3.8555338978767395,4.130327463150024,4.270158648490906,5.229804039001465
-2.7543277740478516,0.05703180097043514,0.23213395476341248,0.6917476058006287,13.240464210510254
-2.007596492767334,3.8571906685829163,4.1321961879730225,4.271885991096497,5.303813457489014
-3.4288246631622314,0.12334372103214264,0.2948058396577835,0.7470934242010117,12.442924499511719
-2.568300247192383,3.852397382259369,4.130757093429565,4.272274374961853,5.289026737213135
-3.3401639461517334,0.047899821773171425,0.22385944426059723,0.6872861087322235,12.678754806518555
-2.976088523864746,3.8603954315185547,4.137811183929443,4.275074601173401,5.056238174438477
-2.822789430618286,0.07117659784853458,0.24267930537462234,0.6878904551267624,9.907370567321777
-3.0857009887695312,3.8697771430015564,4.141727685928345,4.278166651725769,5.138171672821045
-3.4291293621063232,0.06359181925654411,0.21821889281272888,0.6657238155603409,8.12643051147461
-3.415445327758789,3.8610534071922302,4.139099597930908,4.275654673576355,5.153345584869385
-3.3863658905029297,0.07011099718511105,0.240719236433506,0.6861942857503891,11.447189331054688
-3.4771060943603516,3.861879885196686,4.139589309692383,4.274914026260376,5.235607147216797
-3.117337942123413,0.07144267857074738,0.2407686933875084,0.6900883316993713,11.38420581817627
-3.4014101028442383,3.8407963514328003,4.1326727867126465,4.2725489139556885,5.3540191650390625
-2.823363780975342,0.051518527790904045,0.2542030066251755,0.7366073429584503,13.421541213989258
-4.235591888427734,3.844667911529541,4.1332688331604,4.271844029426575,5.16513729095459
-3.9679229259490967,0.08958636596798897,0.2664176672697067,0.7433458715677261,8.868812561035156
-4.051061630249023,3.8523967266082764,4.137181043624878,4.274131894111633,5.196141242980957
-2.629042387008667,0.10072809085249901,0.25602853298187256,0.7139954268932343,11.531085014343262
-3.9338932037353516,3.84185528755188,4.136438608169556,4.27191436290741,5.227759838104248
-4.137122631072998,0.08686687052249908,0.25625333189964294,0.721039742231369,9.840909004211426
-3.9434099197387695,3.862660765647888,4.139710903167725,4.273181796073914,5.046510219573975
-2.636162519454956,0.06933913566172123,0.2672189325094223,0.7541713118553162,11.602334022521973
-4.614912033081055,3.840588331222534,4.128291606903076,4.268463373184204,4.934490203857422
-2.3486363887786865,0.12712663784623146,0.3067200928926468,0.8069317042827606,14.609390258789062
-4.947746276855469,3.8419684171676636,4.131359338760376,4.267141103744507,4.889342784881592
-3.438763380050659,0.06277363561093807,0.24642905592918396,0.7194271087646484,12.819761276245117
-4.648835182189941,3.836910367012024,4.134146213531494,4.270705580711365,5.147480010986328
-10.052931785583496,0.07982018403708935,0.24699191004037857,0.7107004821300507,15.117470741271973
-4.190206527709961,3.849798083305359,4.140805721282959,4.273647308349609,5.24894905090332
-3.441519260406494,0.04138805344700813,0.24610179662704468,0.731606513261795,12.481364250183105
-4.514779090881348,3.863430678844452,4.145986557006836,4.275686979293823,5.274338722229004
-4.105524063110352,0.11935733258724213,0.2929303050041199,0.768186017870903,13.850850105285645
-4.981936454772949,3.8434073328971863,4.1344521045684814,4.267453193664551,5.216055393218994
-2.4941201210021973,0.13196837902069092,0.29735779762268066,0.7713292837142944,10.116842269897461
-4.986783981323242,3.822833001613617,4.128074407577515,4.266972303390503,5.247652530670166
-4.862990856170654,0.08364670537412167,0.2625543177127838,0.7317593097686768,9.920600891113281
-4.197723388671875,3.8163657188415527,4.128822565078735,4.271060585975647,5.271779537200928
-2.58461594581604,0.05233474727720022,0.23460198938846588,0.6888039261102676,11.88566780090332
-3.6306400299072266,3.8495606184005737,4.142688274383545,4.275482416152954,5.1688032150268555
-3.61267352104187,0.06374644488096237,0.2569652795791626,0.7314718663692474,12.813873291015625
-3.9137392044067383,3.8576221466064453,4.147292375564575,4.271597385406494,5.236593246459961
-1.9685471057891846,0.10109123773872852,0.24915271997451782,0.6944905817508698,10.316779136657715
-4.1306610107421875,3.8428823947906494,4.138261556625366,4.268732190132141,5.26524543762207
-5.94638204574585,0.12256514467298985,0.28554344177246094,0.7424143999814987,8.619022369384766
-3.6147193908691406,3.830236554145813,4.132926940917969,4.26848578453064,5.244706153869629
-4.103538513183594,0.04599013365805149,0.2213192880153656,0.6717969179153442,12.593363761901855
-3.41879940032959,3.857429563999176,4.142345905303955,4.270857572555542,5.22962760925293
-5.177630424499512,0.07858442701399326,0.2525665611028671,0.7060749381780624,8.428138732910156
-3.760721206665039,3.852449357509613,4.137727737426758,4.268424391746521,5.212385654449463
-3.9023616313934326,0.0538131445646286,0.2467113882303238,0.7139326930046082,15.698502540588379
-3.9114198684692383,3.8277233839035034,4.132885456085205,4.2657798528671265,5.211435317993164
-5.273884296417236,0.13643305748701096,0.3043542057275772,0.780734971165657,9.186155319213867
-3.9353580474853516,3.8561618328094482,4.144211530685425,4.269019603729248,5.189903259277344
-4.690152168273926,0.07144433446228504,0.24406938254833221,0.693022146821022,15.34953784942627
-3.716071128845215,3.8706597089767456,4.146803617477417,4.269805192947388,5.185728073120117
-2.435654401779175,0.06940969824790955,0.24821700155735016,0.7111518979072571,10.853694915771484
-3.6142024993896484,3.854839265346527,4.143437623977661,4.268697142601013,5.178296089172363
-2.209458112716675,0.09023995138704777,0.25658851861953735,0.7016942501068115,12.478992462158203
-4.0231122970581055,3.844742178916931,4.142217636108398,4.265867114067078,5.158447742462158
-3.869481325149536,0.09212185256183147,0.26223236322402954,0.7110491991043091,8.47481918334961
-3.7348098754882812,3.875334143638611,4.150084018707275,4.2698047161102295,5.142175197601318
-3.2278029918670654,0.061620320193469524,0.23882531374692917,0.6853974312543869,9.738149642944336
-3.8992843627929688,3.8658263087272644,4.14928674697876,4.268999338150024,5.127479076385498
-3.0701711177825928,0.10205087997019291,0.284527450799942,0.7657112926244736,9.87662410736084
-4.89433479309082,3.858215093612671,4.14403223991394,4.264558911323547,5.06418514251709
-4.047717094421387,0.04152511712163687,0.21565941721200943,0.6567297130823135,12.14415168762207
-3.6850147247314453,3.863516628742218,4.144488573074341,4.267924070358276,5.081098556518555
-3.995081663131714,0.0823074821382761,0.2944430261850357,0.7770576179027557,11.873347282409668
-4.681840896606445,3.861013114452362,4.142200231552124,4.265194654464722,5.001708507537842
-3.42978835105896,0.10551811009645462,0.2804771512746811,0.7467502653598785,9.976438522338867
-4.765477180480957,3.843020975589752,4.1364030838012695,4.262917995452881,4.993293762207031
-2.1262197494506836,0.07112482190132141,0.26134029030799866,0.720991924405098,14.16235065460205
-3.9326400756835938,3.890988349914551,4.157124280929565,4.270601391792297,4.970090866088867
-4.029797077178955,0.13509805873036385,0.2967124879360199,0.7580923438072205,18.08449935913086
-4.0424652099609375,3.88528311252594,4.15349817276001,4.2704079151153564,4.959157943725586
-5.387851715087891,0.08457075618207455,0.2624746561050415,0.7311613112688065,11.904158592224121
-4.254003524780273,3.860451638698578,4.144371509552002,4.267880320549011,4.938395977020264
-2.101931095123291,0.0339462049305439,0.20903708785772324,0.65492844581604,7.871154308319092
-4.112204551696777,3.879738926887512,4.154328107833862,4.268641352653503,4.9083991050720215
-5.521235942840576,0.07303043082356453,0.2543061673641205,0.7147775888442993,9.306852340698242
-4.073793411254883,3.892378568649292,4.156923532485962,4.269461035728455,4.907238006591797
-2.003654956817627,0.12247367948293686,0.2812439501285553,0.7319465726613998,14.480286598205566
-4.152405738830566,3.861472725868225,4.14747428894043,4.267301917076111,4.898386478424072
-3.5147931575775146,0.13076593726873398,0.2787181884050369,0.7202249467372894,10.377632141113281
-5.119985580444336,3.8739093542099,4.149335145950317,4.267200946807861,4.8188371658325195
-4.012057781219482,0.05531436204910278,0.22830913215875626,0.6616023480892181,11.621576309204102
-3.4716005325317383,3.8823646306991577,4.162045001983643,4.273062825202942,4.86832332611084
-2.830751657485962,0.09328033588826656,0.27321523427963257,0.7523364126682281,17.78409767150879
-5.306562423706055,3.854035496711731,4.141871452331543,4.265729784965515,4.573215484619141
-5.2062907218933105,0.10318071208894253,0.2740500718355179,0.7371236085891724,13.565132141113281
-5.7784423828125,3.8594654202461243,4.143730640411377,4.266773343086243,4.562968730926514
-2.636537551879883,0.12496500462293625,0.29396963119506836,0.7700422257184982,8.824712753295898
-4.548412322998047,3.906140983104706,4.166215181350708,4.273468971252441,4.830704212188721
-4.64234733581543,0.06765256449580193,0.25792647898197174,0.721839115023613,12.286953926086426
-4.262152671813965,3.910497784614563,4.169857025146484,4.275935173034668,4.833925724029541
-2.807455539703369,0.07402818091213703,0.24482230097055435,0.6925463974475861,11.308439254760742
-5.231867790222168,3.8646299839019775,4.148813486099243,4.267847299575806,4.672119617462158
-3.3678810596466064,0.09133570455014706,0.2622791677713394,0.7189268469810486,10.648534774780273
-4.675877571105957,3.852393329143524,4.146217346191406,4.268293499946594,4.688215255737305
-2.5686264038085938,0.07673779875040054,0.23599659651517868,0.6844249218702316,8.276102066040039
-2.939361572265625,3.898422062397003,4.16707706451416,4.272942304611206,4.8102617263793945
-3.33601450920105,0.062459385953843594,0.2422221451997757,0.68653304874897,11.219198226928711
-3.2615976333618164,3.9029231667518616,4.166881084442139,4.271924376487732,4.803413391113281
-4.292956352233887,0.1120263896882534,0.2844470739364624,0.7562169879674911,9.620674133300781
-3.6126270294189453,3.86748868227005,4.151133298873901,4.2682085037231445,4.693788528442383
-3.250795364379883,0.050045182928442955,0.23934781551361084,0.6898164451122284,15.779531478881836
-3.327853202819824,3.892760992050171,4.158196687698364,4.270186901092529,4.690040588378906
-2.874511241912842,0.04967140033841133,0.2369568720459938,0.6703465282917023,9.20574951171875
-3.481032371520996,3.8878753781318665,4.161481857299805,4.271532893180847,4.72010612487793
-3.225939989089966,0.07577021606266499,0.24921583384275436,0.6885489225387573,12.578514099121094
-4.514064788818359,3.8904868960380554,4.16019606590271,4.2707895040512085,4.62998628616333
-2.6863906383514404,0.05834850948303938,0.23392681777477264,0.6835968047380447,10.38302230834961
-3.9597530364990234,3.8817707300186157,4.158253192901611,4.270241379737854,4.710983753204346
-2.317375421524048,0.09337642602622509,0.2511436939239502,0.6923411637544632,11.062553405761719
-3.791510581970215,3.8745402097702026,4.156499862670898,4.269474267959595,4.625308513641357
-4.3702497482299805,0.17103181034326553,0.3202073574066162,0.785871684551239,11.300687789916992
-4.32691764831543,3.853600323200226,4.149270296096802,4.267956972122192,4.510322570800781
-2.267167329788208,0.09819827228784561,0.27097851037979126,0.7174564152956009,8.94868278503418
-4.217045783996582,3.881989002227783,4.159006595611572,4.269475698471069,4.500552177429199
-2.471691846847534,0.032971969805657864,0.2148149460554123,0.6510151773691177,12.752270698547363
-3.9742355346679688,3.897470235824585,4.1646552085876465,4.2728049755096436,4.570346832275391
-5.275034427642822,0.10303269885480404,0.2671700417995453,0.7100096195936203,8.499277114868164
-4.719566345214844,3.8563274145126343,4.144992351531982,4.268607974052429,4.498344421386719
-2.2751388549804688,0.09680887125432491,0.26143863797187805,0.7222130447626114,11.840712547302246
-4.182803153991699,3.8717575669288635,4.153000593185425,4.26925003528595,4.585103511810303
-2.109405517578125,0.051829724572598934,0.23465817421674728,0.6875801682472229,12.619758605957031
-3.493098258972168,3.872789144515991,4.1547815799713135,4.271303653717041,4.676856517791748
-3.6575114727020264,0.10201907157897949,0.27749381959438324,0.742113783955574,9.849996566772461
-5.150994300842285,3.8512317538261414,4.148528337478638,4.2698705196380615,4.509760856628418
-3.483654737472534,0.04211969021707773,0.2371138334274292,0.696930930018425,10.809490203857422
-4.216609954833984,3.8534922003746033,4.144495964050293,4.2697296142578125,4.549407005310059
-2.166834831237793,0.08145683817565441,0.2590417116880417,0.7331871539354324,17.15892791748047
-3.8677167892456055,3.881360948085785,4.1544928550720215,4.2717026472091675,4.527463436126709
-2.4132955074310303,0.11243950761854649,0.2832324206829071,0.7588597536087036,10.568706512451172
-4.153614044189453,3.8603455424308777,4.1481757164001465,4.270145416259766,4.521254539489746
-2.757004499435425,0.09071535058319569,0.28414881229400635,0.7693084627389908,13.019775390625
-4.905342102050781,3.8671278953552246,4.150426149368286,4.271631717681885,4.579623222351074
-3.815607786178589,0.07857273519039154,0.26135432720184326,0.7181140631437302,12.79399299621582
-5.06048583984375,3.9091597199440002,4.169126749038696,4.27688467502594,4.4795966148376465
-2.1156890392303467,0.07780073024332523,0.23530752956867218,0.6688495129346848,8.156440734863281
-4.402402877807617,3.9137046933174133,4.175278663635254,4.277608275413513,4.451602458953857
-3.2818355560302734,0.08476642891764641,0.2483145147562027,0.6913213580846786,15.689085006713867
-4.063694953918457,3.910513401031494,4.173393487930298,4.278541088104248,4.494050025939941
-3.1944243907928467,0.08488012291491032,0.2722598612308502,0.7364707440137863,9.948036193847656
-4.135483741760254,3.8749287128448486,4.157397031784058,4.274021863937378,4.564198970794678
-3.73418927192688,0.10367226973176003,0.2719113379716873,0.7324924170970917,9.748239517211914
-4.274724960327148,3.860442340373993,4.149717807769775,4.271564483642578,4.5420708656311035
-2.96749210357666,0.10157094895839691,0.26919272541999817,0.72667595744133,8.877029418945312
-3.8907814025878906,3.876049518585205,4.155592679977417,4.2727086544036865,4.470661163330078
-3.9004037380218506,0.10512612760066986,0.26121942698955536,0.7268138974905014,11.550151824951172
-3.7915897369384766,3.896240770816803,4.165919542312622,4.275243759155273,4.501911163330078
-2.2985870838165283,0.09824010357260704,0.24971827864646912,0.6664040237665176,7.961587429046631
-4.1260175704956055,3.9056485295295715,4.167385816574097,4.2766735553741455,4.461354732513428
-4.98426628112793,0.08745275810360909,0.2577536851167679,0.7144026607275009,19.019773483276367
-4.530658721923828,3.8736186027526855,4.157930135726929,4.271384119987488,4.4666428565979
-3.1750965118408203,0.10384988971054554,0.2546579986810684,0.6868473291397095,8.098811149597168
-4.664250373840332,3.824414610862732,4.140963554382324,4.26861846446991,4.51780891418457
-3.402334213256836,0.06207848433405161,0.24653073400259018,0.694777175784111,8.750469207763672
-4.819649696350098,3.8263049125671387,4.138932228088379,4.268329381942749,4.492339611053467
-3.0839827060699463,0.09003158658742905,0.25672630965709686,0.7047469317913055,10.322539329528809
-4.679287910461426,3.850654721260071,4.1493237018585205,4.270716905593872,4.513734817504883
-3.5281307697296143,0.10157007351517677,0.2518908530473709,0.6981953084468842,18.851099014282227
-4.366805076599121,3.868936777114868,4.158235549926758,4.2738869190216064,4.504432678222656
-3.5458767414093018,0.05215802043676376,0.2453746646642685,0.6934162080287933,13.563335418701172
-4.476466178894043,3.872325122356415,4.1609556674957275,4.275741219520569,4.510070323944092
-2.6139020919799805,0.11868515238165855,0.27637018263339996,0.708719328045845,10.221094131469727
-4.775318145751953,3.867140531539917,4.158619403839111,4.274207830429077,4.532732009887695
-3.0479371547698975,0.14257294312119484,0.29080016911029816,0.7317707538604736,9.838829040527344
-4.486302375793457,3.861477017402649,4.155477046966553,4.273508429527283,4.535975456237793
-3.072486400604248,0.10311952978372574,0.2565072923898697,0.7155356556177139,11.672562599182129
-3.985136032104492,3.862806975841522,4.152911901473999,4.273497700691223,4.523617744445801
-2.41538405418396,0.08401246927678585,0.2591082751750946,0.7089657783508301,7.4247283935546875
-4.188116073608398,3.8756566643714905,4.156527996063232,4.274715304374695,4.521384239196777
-2.9267690181732178,0.11037148535251617,0.271771103143692,0.7364797294139862,10.819723129272461
-4.283395767211914,3.8858522772789,4.16181492805481,4.275402665138245,4.518370628356934
-3.248337507247925,0.07388806529343128,0.2452806830406189,0.6971492320299149,10.254657745361328
-4.104593276977539,3.8765316009521484,4.159739255905151,4.274630427360535,4.512861728668213
-3.4267361164093018,0.07510680705308914,0.23573505878448486,0.6536992490291595,10.189764022827148
-4.271333694458008,3.8690565824508667,4.156542062759399,4.273859024047852,4.497245788574219
-3.955686330795288,0.13356581330299377,0.3020744174718857,0.7791851460933685,12.607627868652344
-4.721916198730469,3.8394938707351685,4.145609140396118,4.270749092102051,4.445095062255859
-2.30080246925354,0.171343345195055,0.3167298138141632,0.7735692858695984,20.236196517944336
-4.705484390258789,3.8264570236206055,4.14193320274353,4.269674062728882,4.468155384063721
-3.2451577186584473,0.10428276658058167,0.27433493733406067,0.7335460633039474,9.82335090637207
-4.6781206130981445,3.8553017377853394,4.149986028671265,4.272671341896057,4.473580360412598
-5.221842288970947,0.14243446290493011,0.28548863530158997,0.7284202426671982,9.409761428833008
-4.610788345336914,3.8597376942634583,4.1529014110565186,4.273215889930725,4.437200546264648
-3.494734525680542,0.06819459982216358,0.2357090637087822,0.6711717396974564,12.186502456665039
-4.475193977355957,3.853368818759918,4.1512861251831055,4.273168325424194,4.399428367614746
-2.5063436031341553,0.13014433905482292,0.29305706918239594,0.7464815527200699,12.290287017822266
-4.171839714050293,3.8639917373657227,4.153256177902222,4.27265739440918,4.415118217468262
-4.279150485992432,0.09799164533615112,0.25849342346191406,0.7229633629322052,9.892524719238281
-3.900986671447754,3.860421299934387,4.150802135467529,4.27280580997467,4.422353267669678
-5.423727035522461,0.10865833424031734,0.2647302448749542,0.7038527131080627,11.644559860229492
-4.250579833984375,3.8748555779457092,4.1576550006866455,4.274013638496399,4.409818649291992
-3.40213942527771,0.10681771859526634,0.2623462527990341,0.6965577900409698,12.827094078063965
-3.7335920333862305,3.8613712191581726,4.152594089508057,4.273191332817078,4.4502434730529785
-3.7463631629943848,0.0896871741861105,0.2649253308773041,0.7000311017036438,10.148255348205566
-4.675955772399902,3.860402822494507,4.149145841598511,4.273515105247498,4.385870456695557
-3.8243377208709717,0.07103697955608368,0.2408454269170761,0.6773193180561066,12.727548599243164
-4.412651062011719,3.87589693069458,4.154870986938477,4.273825407028198,4.418374538421631
-3.0446481704711914,0.10527913272380829,0.2669842839241028,0.7258426547050476,13.255727767944336
-4.262178421020508,3.8903523683547974,4.160756587982178,4.274722218513489,4.4001688957214355
-6.938594818115234,0.08788333460688591,0.2748683840036392,0.7420102804899216,12.353137969970703
-4.78218936920166,3.8708552718162537,4.155919551849365,4.274132966995239,4.380621910095215
-2.316286563873291,0.13487330079078674,0.29257161915302277,0.7337790578603745,13.999439239501953
-4.745426177978516,3.8836829662323,4.161102294921875,4.273853778839111,4.396600723266602
-6.2034831047058105,0.07169877178966999,0.24536395072937012,0.6984154284000397,9.957094192504883
-3.955526351928711,3.888475775718689,4.161010980606079,4.2756664752960205,4.4066057205200195
-2.8702738285064697,0.06914970651268959,0.2505011558532715,0.7020529359579086,15.669075012207031
-4.79960823059082,3.8945260047912598,4.166047096252441,4.2771230936050415,4.428390979766846
-5.108248233795166,0.09472052566707134,0.25731514394283295,0.7082590162754059,20.708337783813477
-4.734707832336426,3.8937180638313293,4.162341833114624,4.275141596794128,4.4241414070129395
-3.4905731678009033,0.0881809201091528,0.2625351995229721,0.7144867032766342,14.498734474182129
-4.379335403442383,3.8818458318710327,4.157984256744385,4.274033188819885,4.42723274230957
-3.415343999862671,0.10277166962623596,0.27990955114364624,0.7196871638298035,11.247133255004883
-4.843265533447266,3.883409023284912,4.163337230682373,4.274401664733887,4.414939880371094
-3.275481939315796,0.02495933696627617,0.20635473728179932,0.6433470398187637,12.505155563354492
-5.022687911987305,3.895886719226837,4.166739225387573,4.276121973991394,4.393285751342773
-8.832076072692871,0.0782577283680439,0.24328088760375977,0.6745800822973251,10.880619049072266
-5.03523063659668,3.886182725429535,4.162983179092407,4.276594042778015,4.396199703216553
-2.532871961593628,0.08205216005444527,0.2499513030052185,0.6810407638549805,8.655728340148926
-5.365421295166016,3.870987057685852,4.1575541496276855,4.274843096733093,4.408346176147461
-3.4537312984466553,0.11154067143797874,0.2703882157802582,0.7324490398168564,10.070341110229492
-5.639019966125488,3.8623077273368835,4.152783155441284,4.273754596710205,4.364650726318359
-4.541528224945068,0.10904515162110329,0.26884765923023224,0.7163409739732742,11.061873435974121
-5.337907791137695,3.869524896144867,4.155974864959717,4.274735689163208,4.3806376457214355
-3.420886993408203,0.108024001121521,0.26548923552036285,0.6951025277376175,9.779800415039062
-5.10488224029541,3.8802366256713867,4.161221265792847,4.275679230690002,4.390554428100586
-3.394108295440674,0.11471960879862309,0.2755728214979172,0.7238877564668655,9.325936317443848
-5.143048286437988,3.8856652975082397,4.160969257354736,4.2750771045684814,4.369871139526367
-3.3045318126678467,0.16772640869021416,0.3096519112586975,0.7623739093542099,10.858283996582031
-4.889421463012695,3.864882469177246,4.150983810424805,4.2718974351882935,4.356662273406982
-4.9607343673706055,0.11386756785213947,0.26733800768852234,0.7253658771514893,19.00743865966797
-5.109339714050293,3.8555684685707092,4.149170398712158,4.270445227622986,4.353601932525635
-3.4960293769836426,0.10931805521249771,0.28031715750694275,0.7455267757177353,9.95621395111084
-5.435550689697266,3.8727219700813293,4.154476642608643,4.273621439933777,4.362144470214844
-3.0329463481903076,0.0865675937384367,0.24893736094236374,0.6753395348787308,11.563453674316406
-5.351870536804199,3.8604124784469604,4.153599500656128,4.272124767303467,4.353887557983398
-2.1757655143737793,0.12156336940824986,0.2702637016773224,0.7417754828929901,10.746622085571289
-5.442688941955566,3.846242308616638,4.147124767303467,4.271184682846069,4.349325180053711
-3.6937663555145264,0.05844521801918745,0.26473088562488556,0.7293061316013336,11.407403945922852
-5.448558807373047,3.8436700105667114,4.147639989852905,4.271726369857788,4.354440689086914
-5.171647071838379,0.09722260572016239,0.25764527916908264,0.7088235467672348,8.125324249267578
-4.895029067993164,3.8560919165611267,4.151626825332642,4.2721792459487915,4.347782611846924
-3.309108018875122,0.08713318221271038,0.2484680563211441,0.700902670621872,13.430517196655273
-5.054531097412109,3.8730849027633667,4.155476808547974,4.273411154747009,4.348433494567871
-4.544962406158447,0.09933489747345448,0.2704949676990509,0.7243349254131317,13.599634170532227
-4.592803955078125,3.873363196849823,4.156283140182495,4.2736018896102905,4.350278854370117
-2.2791154384613037,0.10248726047575474,0.2543928623199463,0.6927473545074463,12.18996810913086
-4.222746849060059,3.8672043085098267,4.153759479522705,4.272441744804382,4.34608268737793
-2.6477086544036865,0.05452547408640385,0.24293124675750732,0.6910054385662079,11.935101509094238
-4.394608497619629,3.870872974395752,4.1544671058654785,4.273438215255737,4.345585823059082
-3.434638738632202,0.14903977885842323,0.29517385363578796,0.7479465007781982,16.433937072753906
-3.7430362701416016,3.866218626499176,4.154605150222778,4.2725818157196045,4.366631984710693
-6.971502780914307,0.09626306407153606,0.287447527050972,0.7490637898445129,10.551633834838867
-4.534010887145996,3.8670708537101746,4.1507344245910645,4.273349046707153,4.349775314331055
-3.081160545349121,0.08007191866636276,0.2357511967420578,0.6772462725639343,12.085495948791504
-4.166232109069824,3.8755436539649963,4.157472133636475,4.273478388786316,4.371329307556152
-5.121372222900391,0.0506168557330966,0.24913466721773148,0.7027001976966858,11.710552215576172
-4.00869083404541,3.876069188117981,4.157873153686523,4.273913264274597,4.3442206382751465
-4.841029644012451,0.11751896142959595,0.28779590129852295,0.7526206523180008,15.482860565185547
-4.3359222412109375,3.8692511916160583,4.1504433155059814,4.273282170295715,4.343053817749023
-2.418322801589966,0.10807197540998459,0.267029345035553,0.7191803604364395,10.251174926757812
-4.169338226318359,3.8974159359931946,4.163445949554443,4.274592995643616,4.36043643951416
-2.4372129440307617,0.08639389090240002,0.251077339053154,0.6985901445150375,8.06142520904541
-3.4745187759399414,3.894544780254364,4.165056943893433,4.276221752166748,4.352939128875732
-3.2197139263153076,0.06777000240981579,0.25471489131450653,0.7028006911277771,9.646414756774902
-4.138726234436035,3.883343815803528,4.159211158752441,4.275032162666321,4.341895580291748
-2.7051637172698975,0.09866132214665413,0.2700275331735611,0.7287690192461014,10.407280921936035
-3.862666130065918,3.872361183166504,4.155910015106201,4.2742297649383545,4.339695930480957
-9.459493637084961,0.13343163579702377,0.2843686640262604,0.7375496327877045,13.8868408203125
-3.42948055267334,3.893087327480316,4.166212320327759,4.275787353515625,4.372689247131348
-4.69193172454834,0.0662465188652277,0.2404138222336769,0.686769425868988,8.32840347290039
-4.230712890625,3.903819978237152,4.166801929473877,4.277284145355225,4.352928161621094
-3.0629115104675293,0.10597950778901577,0.2682241201400757,0.714312419295311,12.03895378112793
-4.267843246459961,3.905302047729492,4.168020486831665,4.276695489883423,4.347561836242676
-3.4514529705047607,0.043632726185023785,0.2277633547782898,0.6771483868360519,10.471723556518555
-3.8779993057250977,3.894509196281433,4.163978338241577,4.275146007537842,4.366716384887695
-2.624107837677002,0.13710692152380943,0.29278022050857544,0.7432400435209274,11.10993766784668
-4.403963088989258,3.8838202953338623,4.158825397491455,4.2733012437820435,4.344171047210693
-5.254161357879639,0.15472420677542686,0.3033604472875595,0.7694085240364075,11.793939590454102
-4.903841972351074,3.87691593170166,4.154004096984863,4.272471785545349,4.339744567871094
-2.828167676925659,0.07624540477991104,0.23308859020471573,0.6755247861146927,18.673118591308594
-4.380097389221191,3.8800569772720337,4.161102056503296,4.273884534835815,4.3609490394592285
-3.487539291381836,0.16779489815235138,0.29982905089855194,0.743637278676033,17.511272430419922
-4.517175674438477,3.8800063729286194,4.155916929244995,4.274084448814392,4.340409755706787
-4.242951393127441,0.13394106924533844,0.2887990325689316,0.7541110813617706,10.100393295288086
-4.566804885864258,3.8483633995056152,4.14297080039978,4.27027440071106,4.333374977111816
-2.869952440261841,0.14558715373277664,0.2924645096063614,0.7609786987304688,11.522069931030273
-4.190881729125977,3.8477569222450256,4.145759344100952,4.269301176071167,4.333006381988525
-3.0207982063293457,0.056427694857120514,0.24731434881687164,0.6888425946235657,11.959177017211914
-5.1497802734375,3.873854875564575,4.1527416706085205,4.273277997970581,4.335236072540283
-3.9788386821746826,0.09516295604407787,0.269725501537323,0.7153944373130798,7.55095100402832
-5.497298240661621,3.8504459261894226,4.148679494857788,4.271191120147705,4.328279495239258
-3.1107289791107178,0.08693493530154228,0.25973621010780334,0.7141138464212418,14.945828437805176
-5.12587833404541,3.8400015830993652,4.145416259765625,4.269540548324585,4.330739974975586
-3.241672992706299,0.11833156831562519,0.28806766867637634,0.7399941682815552,14.986053466796875
-5.107670783996582,3.83847439289093,4.1418843269348145,4.269096612930298,4.334700107574463
-3.265371799468994,0.09950174763798714,0.27734558284282684,0.7363795340061188,11.215398788452148
-4.847269058227539,3.8469467163085938,4.1467578411102295,4.2710182666778564,4.330941200256348
-4.123838424682617,0.09086370654404163,0.2385692372918129,0.673225924372673,14.209550857543945
-4.547664642333984,3.868955969810486,4.156984329223633,4.2725841999053955,4.3418426513671875
-2.4741504192352295,0.1140955314040184,0.2659987360239029,0.7192669212818146,9.189952850341797
-4.830975532531738,3.869299530982971,4.153302907943726,4.272140979766846,4.326356410980225
-3.0512588024139404,0.129377331584692,0.2979167550802231,0.7649215757846832,16.29265785217285
-4.47722053527832,3.8475314378738403,4.1467790603637695,4.269579887390137,4.329033374786377
-3.0796163082122803,0.09456758387386799,0.271817609667778,0.7260886281728745,10.79714584350586
-4.684578895568848,3.8747156858444214,4.152745723724365,4.2712918519973755,4.330249786376953
-2.923060417175293,0.12381273694336414,0.2730860859155655,0.7278348952531815,12.405952453613281
-4.405431747436523,3.8912450075149536,4.163305759429932,4.273001074790955,4.331618785858154
-1.8438955545425415,0.1314978376030922,0.2803908884525299,0.7381947487592697,15.20694351196289
-4.171988487243652,3.879283130168915,4.160605430603027,4.272124409675598,4.328467845916748
-4.078390121459961,0.09420211426913738,0.2606217563152313,0.7102912962436676,14.020238876342773
-4.247657775878906,3.8821884989738464,4.157315492630005,4.272630929946899,4.3289079666137695
-2.7407608032226562,0.0831705629825592,0.25745628774166107,0.7000841647386551,11.205669403076172
-4.075885772705078,3.8842674493789673,4.158979415893555,4.272747039794922,4.335832595825195
-2.7583296298980713,0.1114549282938242,0.26932060718536377,0.7139033675193787,10.037782669067383
-4.520220756530762,3.886595070362091,4.158329010009766,4.273370385169983,4.333122253417969
-3.447362184524536,0.1012412067502737,0.2614668905735016,0.7152481377124786,12.374393463134766
-4.058985710144043,3.887762486934662,4.160056114196777,4.273872494697571,4.329782009124756
-2.5139663219451904,0.02690264768898487,0.21920257061719894,0.6595572233200073,12.498955726623535
-4.460325241088867,3.855320155620575,4.149002552032471,4.268985986709595,4.324949741363525
-8.280816078186035,0.05154154449701309,0.21413250267505646,0.6389208287000656,13.097652435302734
-4.0194292068481445,3.8720978498458862,4.154451608657837,4.271333575248718,4.3303351402282715
-3.329723834991455,0.13120857253670692,0.29096104204654694,0.7611499428749084,9.70960807800293
-4.519435882568359,3.8552581071853638,4.148759126663208,4.270076274871826,4.324798583984375
-4.562681198120117,0.11523323319852352,0.2683011591434479,0.7215345948934555,11.176477432250977
-3.7675113677978516,3.876760959625244,4.157237768173218,4.272734642028809,4.328888893127441
-3.151019811630249,0.1581091471016407,0.30775949358940125,0.7619713097810745,8.0550537109375
-4.2596330642700195,3.8317490220069885,4.132892608642578,4.2660170793533325,4.321158409118652
-3.4038524627685547,0.10095826163887978,0.2731950432062149,0.7413674145936966,14.645429611206055
-3.4513931274414062,3.8749626874923706,4.157614231109619,4.274764180183411,4.323729038238525
-1.9971894025802612,0.12196520902216434,0.29100100696086884,0.7751936614513397,11.856705665588379
-3.719308853149414,3.8476110696792603,4.141810178756714,4.267842173576355,4.327297210693359
-3.6926491260528564,0.17827964201569557,0.3289344906806946,0.8016372621059418,10.759740829467773
-4.609240531921387,3.850709617137909,4.141883611679077,4.267962217330933,4.327020645141602
-2.5405662059783936,0.09106355346739292,0.273388609290123,0.7287733554840088,10.726612091064453
-3.123654365539551,3.8831897974014282,4.163891077041626,4.273821711540222,4.322563171386719
-4.437121391296387,0.1107356883585453,0.28519949316978455,0.7508541643619537,13.824216842651367
-3.94537353515625,3.8745664954185486,4.150652647018433,4.270852208137512,4.33159875869751
-3.3325836658477783,0.1845700703561306,0.3280985951423645,0.7877745777368546,10.83336353302002
-4.867931365966797,3.8613030910491943,4.145379066467285,4.270325660705566,4.321274757385254
-3.6265804767608643,0.10018439218401909,0.2550804913043976,0.673870638012886,11.26944351196289
-3.740300178527832,3.9091415405273438,4.170653581619263,4.27593719959259,4.322573661804199
-4.007562160491943,0.1052064374089241,0.25432024896144867,0.6933038532733917,10.363006591796875
-3.356106758117676,3.902677595615387,4.169422388076782,4.2745521068573,4.32243537902832
-7.551952362060547,0.09586021304130554,0.27513323724269867,0.7394587248563766,11.78028392791748
-4.889269828796387,3.8456758856773376,4.138622999191284,4.2685606479644775,4.328366279602051
-4.6297783851623535,0.08561938814818859,0.2510242164134979,0.6974536925554276,10.860296249389648
-4.239184379577637,3.846124231815338,4.14599084854126,4.268116116523743,4.320468425750732
-2.0268514156341553,0.07356323674321175,0.2437766045331955,0.6827407479286194,11.485565185546875
-3.5162343978881836,3.8789684176445007,4.159901142120361,4.273000478744507,4.320807456970215
-4.600498199462891,0.1026280838996172,0.26199549436569214,0.7008523643016815,9.408784866333008
-4.739498138427734,3.886020839214325,4.1580424308776855,4.272617936134338,4.319623947143555
-3.4716899394989014,0.11449040658771992,0.27907411754131317,0.7369683086872101,10.668816566467285
-4.644525527954102,3.859710454940796,4.146909236907959,4.270697116851807,4.335441589355469
-2.2046077251434326,0.09305214695632458,0.2575667053461075,0.7046007066965103,11.229381561279297
-3.749418258666992,3.866488039493561,4.151424407958984,4.271176815032959,4.317829608917236
-3.1535141468048096,0.1096649207174778,0.27698101103305817,0.7443721145391464,8.285633087158203
-4.098852157592773,3.843907415866852,4.143450975418091,4.268614053726196,4.31738805770874
-2.8110244274139404,0.11958291009068489,0.2737352102994919,0.7443159818649292,13.984764099121094
-4.889690399169922,3.8115193843841553,4.127218723297119,4.264664053916931,4.3196845054626465
-5.355259418487549,0.11965378746390343,0.28709661960601807,0.7500332146883011,10.958423614501953
-4.741100311279297,3.8419851064682007,4.1443750858306885,4.2693140506744385,4.31847620010376
-2.4343252182006836,0.09152719751000404,0.263524129986763,0.7079958915710449,10.426820755004883
-4.3253583908081055,3.8536527156829834,4.152326345443726,4.271145820617676,4.321047782897949
-2.9362592697143555,0.09337390586733818,0.2679280638694763,0.7395752221345901,11.41740608215332
-5.045232772827148,3.828458607196808,4.135207653045654,4.26691460609436,4.315326690673828
-2.5443382263183594,0.15157313272356987,0.31086398661136627,0.7956402599811554,10.3955078125
-5.115251541137695,3.829082190990448,4.135641098022461,4.266113758087158,4.316015720367432
-3.168649435043335,0.09887869469821453,0.25910088419914246,0.7090886831283569,8.430898666381836
-4.30488395690918,3.857627034187317,4.149348974227905,4.2688294649124146,4.315135955810547
-2.845869541168213,0.0893616396933794,0.24167954176664352,0.6777950525283813,13.830425262451172
-4.788089752197266,3.8597368001937866,4.152376651763916,4.269200801849365,4.31602668762207
-2.692124843597412,0.12408061884343624,0.2896813303232193,0.749171644449234,8.970108985900879
-4.760149002075195,3.850834369659424,4.144851207733154,4.269075512886047,4.315980434417725
-2.017690896987915,0.06437093950808048,0.24507081508636475,0.6923206895589828,13.74190902709961
-3.9486207962036133,3.866281509399414,4.150573492050171,4.271274447441101,4.320015907287598
-2.3895418643951416,0.1479537896811962,0.3114807903766632,0.7907545864582062,10.158221244812012
-3.864521026611328,3.8597493767738342,4.15131950378418,4.269701719284058,4.314256191253662
-4.361576080322266,0.13340187072753906,0.2936391532421112,0.7409539520740509,18.070547103881836
-4.144292831420898,3.871015429496765,4.154648065567017,4.269912004470825,4.315095901489258
-3.6675426959991455,0.0960405170917511,0.2655058205127716,0.7034150958061218,9.883466720581055
-3.492809295654297,3.8822999596595764,4.160092353820801,4.272142291069031,4.318681716918945
-2.710946559906006,0.0965000931173563,0.2713722437620163,0.7267418205738068,10.294748306274414
-4.292998313903809,3.8590012192726135,4.14875054359436,4.2687366008758545,4.315129280090332
-3.854266405105591,0.1585339419543743,0.3135051131248474,0.7838895916938782,11.741227149963379
-3.824085235595703,3.8469895124435425,4.141138076782227,4.266684651374817,4.314262866973877
-3.5840556621551514,0.08841967023909092,0.26677970588207245,0.7394670993089676,18.717487335205078
-4.250004768371582,3.8652825355529785,4.152746200561523,4.272538661956787,4.31712532043457
-3.7908737659454346,0.0829648170620203,0.2520477622747421,0.6917865872383118,7.409990310668945
-4.150264739990234,3.8672046661376953,4.151230573654175,4.271163702011108,4.318418025970459
-3.2429161071777344,0.1386040262877941,0.29953211545944214,0.7638120055198669,10.278177261352539
-4.427186012268066,3.843749761581421,4.138881683349609,4.266761660575867,4.314732074737549
-2.496493339538574,0.10379103384912014,0.2848743349313736,0.7627779990434647,17.884048461914062
-4.389270782470703,3.844078302383423,4.141322612762451,4.267110586166382,4.3133440017700195
-3.293552875518799,0.09271126985549927,0.26947014033794403,0.7417854219675064,13.34054946899414
-3.9687986373901367,3.8842484951019287,4.1583921909332275,4.271677017211914,4.3128767013549805
-5.688465595245361,0.1865098588168621,0.3280217796564102,0.7877489626407623,16.230220794677734
-4.2964582443237305,3.8701613545417786,4.152283668518066,4.271620750427246,4.314056873321533
-3.884801149368286,0.07640682719647884,0.26562342047691345,0.71388179063797,9.180036544799805
-4.903931617736816,3.871388852596283,4.1529223918914795,4.270607233047485,4.313742160797119
-8.545160293579102,0.09120466187596321,0.25514498353004456,0.6818508207798004,7.773107528686523
-3.6779708862304688,3.8770791888237,4.160245418548584,4.271692991256714,4.314563274383545
-3.6567821502685547,0.1317269429564476,0.2772607356309891,0.7233529835939407,11.8783597946167
-3.562612533569336,3.8726152181625366,4.156957149505615,4.271332263946533,4.313849449157715
-4.277444362640381,0.09875453636050224,0.26995912194252014,0.7244001030921936,14.143770217895508
-4.426801681518555,3.882806181907654,4.156553506851196,4.271820783615112,4.312496185302734
-2.955660581588745,0.09646844118833542,0.24263843894004822,0.6716801822185516,12.201663970947266
-3.987306594848633,3.8869868516921997,4.159869909286499,4.272238731384277,4.311877250671387
-3.9446752071380615,0.11085750721395016,0.2747744768857956,0.7287551164627075,11.792997360229492
-3.7503814697265625,3.8783239126205444,4.157777786254883,4.271546244621277,4.313440322875977
-4.190443992614746,0.13833517581224442,0.3128652721643448,0.7866393625736237,12.393348693847656
-4.613266944885254,3.8526232838630676,4.142699241638184,4.269327640533447,4.315165996551514
-6.259625434875488,0.11395062506198883,0.28175777196884155,0.7571167647838593,12.683499336242676
-4.646406173706055,3.8388954997062683,4.138468503952026,4.267806053161621,4.31348991394043
-4.882125377655029,0.11962675116956234,0.27468089759349823,0.7298890650272369,9.740198135375977
-3.9902572631835938,3.8580517768859863,4.150570392608643,4.270328640937805,4.315596580505371
-5.5231709480285645,0.1339445821940899,0.29769907891750336,0.7506671696901321,20.844539642333984
-4.499077796936035,3.8474979400634766,4.143195867538452,4.27011775970459,4.312066078186035
-3.0786566734313965,0.15557162463665009,0.306825652718544,0.7794844806194305,8.197408676147461
-4.470371246337891,3.8280906677246094,4.135623455047607,4.266010642051697,4.312455654144287
-5.716630458831787,0.1010131686925888,0.2649945914745331,0.6964106261730194,10.255859375
-4.086701393127441,3.8480815291404724,4.1455724239349365,4.268526077270508,4.312802314758301
-4.827426433563232,0.10900150798261166,0.27155807614326477,0.7062267959117889,14.076332092285156
-4.042751312255859,3.86556613445282,4.148766040802002,4.270682096481323,4.3136091232299805
-2.700740098953247,0.09166412428021431,0.26042310893535614,0.7048957645893097,8.49598217010498
-4.347750663757324,3.846010386943817,4.146683216094971,4.267690420150757,4.311992645263672
-2.8452672958374023,0.0778492446988821,0.2524690330028534,0.6914019286632538,11.349047660827637
-4.456433296203613,3.850649654865265,4.147358179092407,4.268467426300049,4.312055587768555
-2.8898138999938965,0.0525239584967494,0.24189471453428268,0.6887066513299942,11.052267074584961
-3.9456472396850586,3.863854765892029,4.1517252922058105,4.2702940702438354,4.313408851623535
-3.36020827293396,0.0912456065416336,0.2680744230747223,0.7309684753417969,12.578315734863281
-3.823556900024414,3.8562300205230713,4.148083925247192,4.268667697906494,4.311262607574463
-2.7350449562072754,0.11881240829825401,0.2853032499551773,0.7471563816070557,12.841808319091797
-4.376422882080078,3.8451523184776306,4.141268253326416,4.265542149543762,4.312155723571777
-2.8682286739349365,0.06995700672268867,0.2437087893486023,0.6864026188850403,10.376136779785156
-3.636648178100586,3.848889708518982,4.150577783584595,4.268383741378784,4.313838005065918
-1.9174187183380127,0.12856552004814148,0.2943369746208191,0.7488655745983124,9.563981056213379
-4.430425643920898,3.851996660232544,4.147082090377808,4.2680429220199585,4.310262203216553
-2.517040491104126,0.10909497737884521,0.2947220057249069,0.7723240703344345,10.716008186340332
-4.362461090087891,3.8585656881332397,4.145637035369873,4.268247365951538,4.314615726470947
-2.8918139934539795,0.06299959123134613,0.24096520990133286,0.6877957880496979,11.53079605102539
-3.838809013366699,3.872319757938385,4.15167498588562,4.269544005393982,4.310518264770508
-3.2998275756835938,0.12291861698031425,0.2777513116598129,0.7409926652908325,16.241830825805664
-4.097894668579102,3.853543758392334,4.1463329792022705,4.268693447113037,4.313594341278076
-3.0079591274261475,0.1519300825893879,0.30634500086307526,0.7762489914894104,8.919991493225098
-3.9408082962036133,3.851895332336426,4.147403717041016,4.268916726112366,4.311019420623779
-3.4356648921966553,0.12162285670638084,0.2855396866798401,0.7496879249811172,9.841639518737793
-4.025782585144043,3.877188563346863,4.155592203140259,4.27272629737854,4.310238361358643
-3.445697784423828,0.11045733653008938,0.27652421593666077,0.7547194808721542,13.893112182617188
-3.5730361938476562,3.849641799926758,4.144613742828369,4.267025947570801,4.310973167419434
-6.577304840087891,0.16147570684552193,0.3345799893140793,0.8360012471675873,13.502885818481445
-5.135637283325195,3.8268444538116455,4.131901741027832,4.265716314315796,4.311270236968994
-3.0299203395843506,0.13254917040467262,0.2941729873418808,0.7503598928451538,11.01927661895752
-4.629111289978027,3.8727781176567078,4.151482820510864,4.271246075630188,4.3101806640625
-3.5343120098114014,0.10407266765832901,0.2627882808446884,0.7243104577064514,8.224946975708008
-4.026995658874512,3.911160409450531,4.173583269119263,4.276450514793396,4.31046199798584
-3.109013319015503,0.12147767655551434,0.2873544842004776,0.7454698383808136,8.585216522216797
-5.019787788391113,3.8831945657730103,4.1570727825164795,4.272124767303467,4.310910701751709
-5.19658899307251,0.12374934554100037,0.3063044548034668,0.7949642539024353,12.539459228515625
-5.480527877807617,3.8544816374778748,4.140378952026367,4.268924355506897,4.311232089996338
-2.5942063331604004,0.09355295076966286,0.2676069587469101,0.7260941714048386,9.290426254272461
-4.82337760925293,3.8843812346458435,4.159431457519531,4.272372484207153,4.310932159423828
-2.0875446796417236,0.14647037908434868,0.2997463047504425,0.7663701921701431,7.848411560058594
-4.161230087280273,3.8989399075508118,4.16618013381958,4.274131894111633,4.310194969177246
-4.121511459350586,0.12017599493265152,0.2830009162425995,0.7260527312755585,12.483329772949219
-4.959293365478516,3.8873836398124695,4.159865856170654,4.271792411804199,4.310607433319092
-2.677900791168213,0.1323305070400238,0.29341062903404236,0.7506547570228577,13.346073150634766
-5.276937484741211,3.850175142288208,4.14332389831543,4.266987919807434,4.310373306274414
-2.4532108306884766,0.1277075931429863,0.2888166755437851,0.7449266761541367,8.11100959777832
-4.681012153625488,3.8368399143218994,4.141076564788818,4.26763117313385,4.309859275817871
-2.8625354766845703,0.14956654235720634,0.2973421663045883,0.772144079208374,9.418039321899414
-4.274938583374023,3.849971354007721,4.148835182189941,4.269495129585266,4.309616565704346
-6.081897735595703,0.08793066628277302,0.2536004036664963,0.6835498362779617,7.642175674438477
-4.659726142883301,3.8745675086975098,4.1527416706085205,4.2692649364471436,4.310534477233887
-2.9611597061157227,0.11901040188968182,0.27760808169841766,0.7369319200515747,13.06450080871582
-4.828531265258789,3.8714450001716614,4.151840686798096,4.269694566726685,4.309604167938232
-2.5781543254852295,0.14342504739761353,0.2951247990131378,0.7553018033504486,10.26371955871582
-4.399044036865234,3.8704736828804016,4.151724100112915,4.270151376724243,4.309206008911133
-3.9606900215148926,0.122817886993289,0.28459741175174713,0.7411346882581711,7.5313215255737305
-4.270547866821289,3.8669866919517517,4.151170969009399,4.269018173217773,4.309418678283691
-4.52302885055542,0.128440223634243,0.29840900003910065,0.7613897621631622,7.382573127746582
-4.290560722351074,3.8596967458724976,4.148189544677734,4.26938271522522,4.3093414306640625
-4.110429286956787,0.1025443859398365,0.265809029340744,0.7128917425870895,13.546980857849121
-4.068415641784668,3.8583133816719055,4.14764928817749,4.269813418388367,4.309112548828125
-4.911989212036133,0.06783102080225945,0.23837397247552872,0.6764593571424484,10.064337730407715
-3.884406089782715,3.871757745742798,4.15451979637146,4.270574331283569,4.309615612030029
-3.815939426422119,0.09937133081257343,0.26756516098976135,0.7153506577014923,11.818826675415039
-3.8525915145874023,3.874249756336212,4.154417276382446,4.272591233253479,4.308867931365967
-4.3967390060424805,0.11091235280036926,0.27136699855327606,0.7322102934122086,9.523042678833008
-3.8779335021972656,3.865329086780548,4.151066303253174,4.269719839096069,4.309452533721924
-2.9826111793518066,0.13688220083713531,0.287948802113533,0.7379784882068634,10.605533599853516
-4.01026725769043,3.8579662442207336,4.147814989089966,4.26868999004364,4.30923318862915
-2.678842306137085,0.0977570079267025,0.2667980492115021,0.7318481206893921,11.502233505249023
-4.107338905334473,3.872356414794922,4.151089668273926,4.27011239528656,4.308615207672119
-3.7144265174865723,0.12237321957945824,0.26761287450790405,0.704675704240799,10.78078842163086
-3.897533416748047,3.880079984664917,4.155900239944458,4.270851254463196,4.309421539306641
-2.927922010421753,0.18661268427968025,0.33624280989170074,0.7986421883106232,8.42154312133789
-4.089987754821777,3.857443928718567,4.147414207458496,4.267905116081238,4.3091139793396
-2.3806209564208984,0.06903101317584515,0.239628866314888,0.6818676292896271,15.961456298828125
-4.132655143737793,3.8481647968292236,4.1422810554504395,4.267249941825867,4.308989524841309
-3.9347875118255615,0.08030668646097183,0.25827573239803314,0.7084749042987823,11.50900650024414
-3.675821304321289,3.8543187379837036,4.147717714309692,4.2687684297561646,4.308951377868652
-2.649853467941284,0.11100159212946892,0.2750639319419861,0.7311388999223709,16.692855834960938
-3.8256216049194336,3.8588842153549194,4.147137403488159,4.2690935134887695,4.30873966217041
-3.537984848022461,0.07438468933105469,0.24561548233032227,0.6825100779533386,15.79463005065918
-3.912294387817383,3.864755392074585,4.148639678955078,4.270222067832947,4.309422016143799
-3.894346237182617,0.11824552156031132,0.2889818698167801,0.7586733102798462,13.833158493041992
-3.7509050369262695,3.848743200302124,4.145500898361206,4.2681063413619995,4.3086957931518555
-4.341020107269287,0.11341832391917706,0.28995855152606964,0.743092268705368,12.659481048583984
-4.067025184631348,3.845525324344635,4.140615701675415,4.267793297767639,4.308957576751709
-5.558178901672363,0.08648963831365108,0.2537369728088379,0.6994969844818115,12.41804313659668
-3.8583946228027344,3.8406384587287903,4.138848543167114,4.266616582870483,4.310211658477783
-5.706058502197266,0.07780450209975243,0.24262715131044388,0.6569111347198486,12.450309753417969
-3.8350257873535156,3.85753858089447,4.14551568031311,4.268674254417419,4.308516025543213
-3.8048179149627686,0.09769921004772186,0.26632413268089294,0.7278511375188828,13.820113182067871
-3.451399803161621,3.855278730392456,4.149495840072632,4.2678738832473755,4.308586120605469
-4.204441547393799,0.057508635334670544,0.25207966566085815,0.7040293365716934,15.434483528137207
-3.6630859375,3.856464684009552,4.147656679153442,4.268411874771118,4.3088154792785645
-2.497495412826538,0.07884852774441242,0.2629283666610718,0.7321882247924805,13.597831726074219
-3.4248714447021484,3.868707776069641,4.155792713165283,4.270131349563599,4.308615684509277
-4.282227993011475,0.09709079191088676,0.26504674553871155,0.7194989025592804,14.941855430603027
-3.7663087844848633,3.865039885044098,4.150742292404175,4.269636631011963,4.308690071105957
-2.821143865585327,0.09459412470459938,0.2591795176267624,0.6985179781913757,8.090414047241211
-3.562875747680664,3.866954207420349,4.151173830032349,4.269749999046326,4.308530330657959
-2.8893239498138428,0.10857933573424816,0.26915012300014496,0.718409389257431,10.266502380371094
-3.709287643432617,3.8676583766937256,4.150406837463379,4.269913077354431,4.308691024780273
-3.1215932369232178,0.1357010155916214,0.2899673581123352,0.7512204647064209,9.612617492675781
-3.679088592529297,3.8665796518325806,4.149754285812378,4.269643068313599,4.308743476867676
-2.4462814331054688,0.06364372558891773,0.2592923045158386,0.7205009758472443,9.111368179321289
-4.330587387084961,3.8584869503974915,4.147111892700195,4.270046710968018,4.309373378753662
-3.74652361869812,0.17247416451573372,0.3269968777894974,0.8490921556949615,13.419300079345703
-3.446676254272461,3.7931541204452515,4.119644403457642,4.262423157691956,4.308951377868652
-3.5715909004211426,0.18839847296476364,0.34787048399448395,0.8464780300855637,14.923643112182617
-5.369227409362793,3.8048524856567383,4.118279457092285,4.260889410972595,4.308200836181641
-2.1520490646362305,0.10247120633721352,0.3200627565383911,0.8379772156476974,17.1019229888916
-5.108887672424316,3.817038118839264,4.126161813735962,4.26592493057251,4.309156894683838
-3.0410990715026855,0.07265915162861347,0.271624892950058,0.7758389264345169,10.691116333007812
-4.33683967590332,3.892049551010132,4.160780906677246,4.272932648658752,4.309364318847656
-3.77085280418396,0.10530954599380493,0.28848718106746674,0.7596954256296158,12.481483459472656
-4.117866516113281,3.9353519082069397,4.178359270095825,4.277643203735352,4.308899879455566
-2.54923152923584,0.1739598847925663,0.3319755494594574,0.8179535120725632,10.763724327087402
-4.703699111938477,3.9124812483787537,4.168867588043213,4.274796962738037,4.308253288269043
-2.990370750427246,0.1743878722190857,0.3367585241794586,0.8304663598537445,12.265007019042969
-5.3512983322143555,3.88346403837204,4.156112194061279,4.271333694458008,4.308094024658203
-3.923341751098633,0.17962490394711494,0.33054423332214355,0.8017350435256958,12.553324699401855
-5.485164642333984,3.8635683059692383,4.1469361782073975,4.269697785377502,4.307850360870361
-4.037158012390137,0.118982357904315,0.3054645508527756,0.7933029383420944,9.875349998474121
-5.2581787109375,3.875046133995056,4.153332948684692,4.271247982978821,4.309065341949463
-3.5671825408935547,0.10822015069425106,0.2880461663007736,0.7671679258346558,13.223421096801758
-4.977378845214844,3.899829924106598,4.168800354003906,4.274843335151672,4.308157920837402
-2.5785202980041504,0.12161547690629959,0.2691793143749237,0.7013638913631439,12.375875473022461
-4.825023651123047,3.9226539731025696,4.175984144210815,4.277556538581848,4.308505058288574
-3.60258150100708,0.06230512447655201,0.2410222440958023,0.7012012600898743,12.019259452819824
-4.881441116333008,3.9209852814674377,4.174028158187866,4.2764164209365845,4.309016227722168
-2.205203056335449,0.10041435994207859,0.24919825047254562,0.7112325131893158,13.158276557922363
-4.917370796203613,3.9151541590690613,4.172735214233398,4.275407314300537,4.308707237243652
-2.4314992427825928,0.10398901626467705,0.26314860582351685,0.7111884355545044,12.154900550842285
-4.787540435791016,3.9024322032928467,4.166753530502319,4.2732093334198,4.308685779571533
-3.8388466835021973,0.10134417377412319,0.27341434359550476,0.7160774022340775,9.41175651550293
-4.440842628479004,3.9006460905075073,4.1635658740997314,4.273475885391235,4.3087158203125
-3.1820104122161865,0.1108911819756031,0.26955150067806244,0.7139765620231628,13.57735538482666
-4.103952407836914,3.907698690891266,4.16447901725769,4.274998188018799,4.30851936340332
-3.5359768867492676,0.09781621769070625,0.24467886239290237,0.6840414553880692,10.267333030700684
-4.059194564819336,3.9119057655334473,4.167241334915161,4.2746217250823975,4.309101104736328
-2.608786106109619,0.08407757617533207,0.2528551071882248,0.7010234892368317,11.047269821166992
-4.3994903564453125,3.9111891388893127,4.16542387008667,4.273929953575134,4.309502601623535
-3.9472053050994873,0.034369468688964844,0.21705362200737,0.6579263061285019,11.323829650878906
-4.757183074951172,3.9078332781791687,4.164676904678345,4.273344039916992,4.309051036834717
-4.1265974044799805,0.12961528077721596,0.2667663246393204,0.6986772119998932,11.479930877685547
-4.927216529846191,3.901209771633148,4.164140224456787,4.273378014564514,4.309505939483643
-4.388595104217529,0.1274864822626114,0.2838871628046036,0.731258898973465,9.994168281555176
-4.83345890045166,3.8973891735076904,4.1645143032073975,4.273131489753723,4.3091139793396
-4.7179412841796875,0.05100925639271736,0.22356735169887543,0.6575656235218048,13.221237182617188
-4.732175827026367,3.889214336872101,4.1598334312438965,4.272542715072632,4.309567451477051
-2.4274749755859375,0.09055821225047112,0.2512350380420685,0.6872789561748505,10.83269214630127
-4.738856315612793,3.876800298690796,4.154627323150635,4.27041757106781,4.310678958892822
-3.187798261642456,0.16168096661567688,0.3042236864566803,0.7764376550912857,9.385222434997559
-4.7895402908325195,3.8670302033424377,4.150181293487549,4.269627332687378,4.309065341949463
-2.2915608882904053,0.15619440004229546,0.3176485300064087,0.7979453504085541,11.531660079956055
-4.696274757385254,3.8671528100967407,4.149487733840942,4.26978874206543,4.309634208679199
-2.5714340209960938,0.09496228210628033,0.2611483782529831,0.7049148082733154,9.082147598266602
-4.43027400970459,3.874718487262726,4.154578924179077,4.271311521530151,4.3092169761657715
-3.6143646240234375,0.14891547337174416,0.30871543288230896,0.7679298371076584,7.703042030334473
-4.148719787597656,3.8833184242248535,4.158139944076538,4.27250862121582,4.3090691566467285
-3.3014259338378906,0.08563059754669666,0.2708384543657303,0.7412827610969543,11.70745849609375
-4.119476318359375,3.8874144554138184,4.158426284790039,4.272440552711487,4.308925628662109
-4.9818854331970215,0.10236862860620022,0.26872119307518005,0.7210855036973953,9.967634201049805
-4.219704627990723,3.879346013069153,4.154205322265625,4.27141010761261,4.3089280128479
-5.6026930809021,0.1277494952082634,0.28398269414901733,0.7572706788778305,9.303043365478516
-4.235219955444336,3.869956851005554,4.150606155395508,4.269078612327576,4.308666706085205
-6.1183695793151855,0.12956275790929794,0.29847975075244904,0.7684606313705444,11.79788589477539
-4.090032577514648,3.8692221641540527,4.150049924850464,4.268678665161133,4.3108229637146
-2.498852252960205,0.09504106640815735,0.2587898224592209,0.7070199698209763,14.385889053344727
-3.95273494720459,3.8789618611335754,4.15281343460083,4.270811080932617,4.311977386474609
-3.316448926925659,0.08201935328543186,0.24235037714242935,0.6706457287073135,9.625136375427246
-3.867076873779297,3.885702133178711,4.156034469604492,4.2719080448150635,4.3121256828308105
-9.57369327545166,0.12629833444952965,0.27942711114883423,0.7351556867361069,8.774333953857422
-3.821526527404785,3.8817543387413025,4.154142618179321,4.271868824958801,4.310361385345459
-3.4560868740081787,0.13071661069989204,0.2814905196428299,0.7244497686624527,8.82361888885498
-3.794917106628418,3.8793259263038635,4.154397964477539,4.270832777023315,4.31063175201416
-5.691856861114502,0.13591916859149933,0.2991381287574768,0.7515882402658463,19.380535125732422
-3.7176589965820312,3.877961277961731,4.1536009311676025,4.271088361740112,4.310285568237305
-2.298053026199341,0.1417066678404808,0.2853800803422928,0.7386744618415833,9.874824523925781
-3.7023086547851562,3.8695236444473267,4.149774789810181,4.269546389579773,4.309452056884766
-2.7482335567474365,0.10772479511797428,0.2765974998474121,0.7391754984855652,16.164981842041016
-3.7805728912353516,3.861308515071869,4.148035764694214,4.2680970430374146,4.3096232414245605
-3.2847745418548584,0.14608032628893852,0.2896229028701782,0.7271804958581924,9.24928092956543
-3.934422492980957,3.863684296607971,4.15152382850647,4.2692999839782715,4.308955192565918
-3.508216142654419,0.1035675909370184,0.2777489870786667,0.7320401817560196,7.8428754806518555
-3.8277063369750977,3.871510863304138,4.1530444622039795,4.269741177558899,4.309057235717773
-2.153510332107544,0.08775316178798676,0.24868527799844742,0.691448837518692,9.615337371826172
-3.6608734130859375,3.8687013387680054,4.151660203933716,4.2695454359054565,4.310179233551025
-3.9673962593078613,0.1235990896821022,0.2793905436992645,0.728769987821579,9.02149772644043
-3.621145248413086,3.869066298007965,4.149928569793701,4.269396901130676,4.309288024902344
-4.772129058837891,0.12709801271557808,0.27754126489162445,0.7402392029762268,10.427825927734375
-3.406134605407715,3.8691644072532654,4.150576829910278,4.269943952560425,4.309800148010254
-3.8026771545410156,0.08476872928440571,0.251325860619545,0.6893934309482574,10.173517227172852
-3.3686323165893555,3.873301923274994,4.152281045913696,4.270581364631653,4.309525966644287
-2.7248294353485107,0.10962914116680622,0.2723843902349472,0.7321022301912308,21.18511390686035
-3.4508323669433594,3.8707154989242554,4.151999473571777,4.270670771598816,4.309549331665039
-5.94574499130249,0.1138672735542059,0.27771976590156555,0.7266534715890884,12.066217422485352
-3.468637466430664,3.868397831916809,4.150798320770264,4.269954562187195,4.309506416320801
-2.1664927005767822,0.09911152347922325,0.2705913633108139,0.7415686547756195,8.761066436767578
-3.5153656005859375,3.869957685470581,4.151503801345825,4.270713567733765,4.308103561401367
-2.7663142681121826,0.09497254900634289,0.26021844148635864,0.702751487493515,12.49580192565918
-3.4133291244506836,3.8675296306610107,4.151082515716553,4.2703551054000854,4.309115409851074
-3.486194610595703,0.13228554651141167,0.2828356921672821,0.7254345864057541,9.402199745178223
-3.8879165649414062,3.8725128769874573,4.149734973907471,4.270721673965454,4.308884143829346
-3.621917486190796,0.12608472257852554,0.2801411747932434,0.7294236123561859,16.78527069091797
-3.5116653442382812,3.858203887939453,4.149122476577759,4.269174575805664,4.307958602905273
-5.161839962005615,0.12577809765934944,0.31092534959316254,0.8070380687713623,10.068220138549805
-4.303728103637695,3.8480594158172607,4.140207767486572,4.267641544342041,4.307896614074707
-2.644279956817627,0.07847886346280575,0.2662634402513504,0.7343131601810455,9.436809539794922
-4.037206649780273,3.8765909671783447,4.151909828186035,4.270531892776489,4.308515548706055
-2.836111545562744,0.08780548349022865,0.2577063590288162,0.7014381736516953,14.118542671203613
-3.6250133514404297,3.8927894234657288,4.162726640701294,4.272659659385681,4.308399200439453
-3.2402596473693848,0.06318621896207333,0.2616424113512039,0.7120876014232635,8.650635719299316
-4.230088233947754,3.877222776412964,4.152657985687256,4.2716522216796875,4.307476997375488
-3.7241878509521484,0.1061986442655325,0.2799014151096344,0.7442435175180435,9.986422538757324
-3.999335289001465,3.88341224193573,4.155765771865845,4.271253347396851,4.308063983917236
-3.699491262435913,0.07127159833908081,0.2639968693256378,0.7127281874418259,13.317754745483398
-3.60223388671875,3.886078715324402,4.158117771148682,4.272154808044434,4.307136535644531
-4.981710910797119,0.12122287414968014,0.2905116379261017,0.752084493637085,11.33595085144043
-4.32950496673584,3.8849666714668274,4.154121398925781,4.2724303007125854,4.307614803314209
-5.253536701202393,0.07587668672204018,0.24904494732618332,0.6797676533460617,7.431763648986816
-4.240216255187988,3.8830939531326294,4.154459714889526,4.2698434591293335,4.3072285652160645
-2.2197930812835693,0.10789456777274609,0.27019570767879486,0.7096215188503265,12.041749954223633
-3.8310060501098633,3.8971068263053894,4.162184238433838,4.272615313529968,4.307059288024902
-3.5409977436065674,0.11360500007867813,0.2905373275279999,0.7590436786413193,10.083663940429688
-4.058014869689941,3.8896878361701965,4.159299373626709,4.272780776023865,4.307600498199463
-2.384946346282959,0.11256469786167145,0.27248530089855194,0.7129015624523163,13.037935256958008
-4.186077117919922,3.891963005065918,4.15872859954834,4.27207612991333,4.30731201171875
-2.896185874938965,0.13255317881703377,0.2918355017900467,0.7609314918518066,10.918978691101074
-4.007830619812012,3.8754847049713135,4.153302192687988,4.270425915718079,4.30711555480957
-2.8911550045013428,0.0812698770314455,0.24786624312400818,0.7057457566261292,10.329460144042969
-4.007434844970703,3.8686392307281494,4.151875972747803,4.270132541656494,4.3073859214782715
-3.8571712970733643,0.11362302489578724,0.271897092461586,0.7263262867927551,9.746892929077148
-3.9128990173339844,3.862558901309967,4.14668607711792,4.268943786621094,4.307043552398682
-2.204998731613159,0.1398865170776844,0.30372272431850433,0.7790311276912689,16.838298797607422
-3.602691650390625,3.8643482327461243,4.149866342544556,4.2691487073898315,4.306991100311279
-3.4982802867889404,0.08420306071639061,0.2741669863462448,0.7372460663318634,15.242006301879883
-3.7975378036499023,3.8776211738586426,4.154002666473389,4.272262692451477,4.307297706604004
-2.50778865814209,0.10455554723739624,0.2649363577365875,0.7316217422485352,10.85468578338623
-3.802165985107422,3.8775646090507507,4.152838945388794,4.270057678222656,4.307265758514404
-5.406316757202148,0.06800855696201324,0.26126088201999664,0.7291961312294006,11.488052368164062
-4.062202453613281,3.8645834922790527,4.148820161819458,4.26850438117981,4.307660102844238
-5.201432228088379,0.10804798640310764,0.2745070606470108,0.7161923050880432,16.456153869628906
-3.988062858581543,3.8740068674087524,4.152224063873291,4.2701297998428345,4.307830333709717
-5.168735980987549,0.13280674070119858,0.29689840972423553,0.7536059617996216,10.56339168548584
-3.585757255554199,3.8819068670272827,4.156279563903809,4.2706520557403564,4.307058811187744
-3.6360249519348145,0.11725605092942715,0.27993957698345184,0.7370763719081879,11.754739761352539
-3.8674049377441406,3.870317816734314,4.1489667892456055,4.2691487073898315,4.30764627456665
-3.190889358520508,0.1580674648284912,0.30264870822429657,0.7581247389316559,11.828838348388672
-3.9570493698120117,3.87472403049469,4.152992010116577,4.270411968231201,4.3076276779174805
-1.8825048208236694,0.07340307533740997,0.241091288626194,0.6927974671125412,14.226964950561523
-3.642484664916992,3.880833387374878,4.156036376953125,4.271312355995178,4.3069167137146
-4.601095199584961,0.10397507809102535,0.26152026653289795,0.7127539962530136,16.351778030395508
-4.3003997802734375,3.8707138299942017,4.1515116691589355,4.269975781440735,4.307027339935303
-4.3135504722595215,0.12928427755832672,0.28979071974754333,0.7530328333377838,10.755462646484375
-4.111647605895996,3.874664068222046,4.151602029800415,4.270306706428528,4.30707311630249
-2.658827304840088,0.09730393812060356,0.262598916888237,0.7004593014717102,10.206460952758789
-4.073387145996094,3.8571901321411133,4.147921562194824,4.268616795539856,4.306943893432617
-2.616204261779785,0.11585059762001038,0.27988500893116,0.7258114814758301,10.547483444213867
-4.437498092651367,3.84715735912323,4.141930103302002,4.266390681266785,4.307498455047607
-3.3025498390197754,0.08578473888337612,0.2599817216396332,0.7040480226278305,17.7615909576416
-3.9739532470703125,3.8506444692611694,4.145495176315308,4.268004417419434,4.307133197784424
-2.7258472442626953,0.08576558902859688,0.26132817566394806,0.7076622545719147,11.036603927612305
-4.143130302429199,3.8644281029701233,4.149352788925171,4.270171880722046,4.306931972503662
-3.5540387630462646,0.16335947439074516,0.29924508929252625,0.763680100440979,9.557377815246582
-4.260870933532715,3.8371310234069824,4.138726234436035,4.2663174867630005,4.306915760040283
-3.7499911785125732,0.1103472039103508,0.2896599918603897,0.760875016450882,11.989181518554688
-4.431604385375977,3.8544269800186157,4.143050193786621,4.268379807472229,4.3075852394104
-5.363256931304932,0.15278320014476776,0.31139233708381653,0.7625361084938049,9.976287841796875
-3.9507904052734375,3.8626798391342163,4.1491453647613525,4.267882585525513,4.307232856750488
-2.9915335178375244,0.1789899282157421,0.32226063311100006,0.795836478471756,12.551515579223633
-4.324804306030273,3.84214985370636,4.1408257484436035,4.2661285400390625,4.306960105895996
-4.833693504333496,0.12039823830127716,0.28122609853744507,0.7613741308450699,18.77406883239746
-4.0537214279174805,3.8423917293548584,4.139901638031006,4.267618298530579,4.3069167137146
-2.413748025894165,0.10050187259912491,0.26538872718811035,0.7382185757160187,10.059835433959961
-3.752471923828125,3.83987033367157,4.1426215171813965,4.26711893081665,4.307027339935303
-7.84579610824585,0.13580433279275894,0.29580409824848175,0.7559247761964798,8.22637939453125
-4.947101593017578,3.8361016511917114,4.139772653579712,4.267418742179871,4.307015895843506
-3.17678165435791,0.12621724978089333,0.29150015115737915,0.7827643156051636,14.731499671936035
-3.7921791076660156,3.8241936564445496,4.134678602218628,4.26501202583313,4.306994915008545
-4.247443199157715,0.11121969483792782,0.29642078280448914,0.7617093622684479,8.1262845993042
-4.5269365310668945,3.83013778924942,4.133257150650024,4.265569567680359,4.3072004318237305
-2.0111937522888184,0.12072789296507835,0.2979954481124878,0.7694937884807587,9.665752410888672
-4.945074081420898,3.8373380303382874,4.136004209518433,4.2668280601501465,4.307389259338379
-2.3122050762176514,0.13176114484667778,0.291709840297699,0.7564258277416229,11.023429870605469
-4.557311058044434,3.8808025121688843,4.156350135803223,4.272304892539978,4.307346343994141
-2.6293015480041504,0.1039074007421732,0.26550285518169403,0.7220291197299957,13.811115264892578
-4.096036911010742,3.898515045642853,4.165227651596069,4.2746782302856445,4.307106018066406
-3.6549007892608643,0.11172971688210964,0.2895980030298233,0.7528649270534515,11.409714698791504
-4.242048263549805,3.8696696758270264,4.152983665466309,4.27015233039856,4.307318210601807
-2.9762253761291504,0.12995171546936035,0.3044237345457077,0.7882658690214157,8.905769348144531
-4.46489143371582,3.85682612657547,4.144887685775757,4.2674442529678345,4.306888580322266
-2.4527366161346436,0.12484282813966274,0.29183752834796906,0.750108003616333,8.402519226074219
-4.086907386779785,3.8655941486358643,4.147985458374023,4.26930034160614,4.3071980476379395
-2.625333547592163,0.10843871161341667,0.28360509872436523,0.7408213019371033,11.211111068725586
-3.9463272094726562,3.894126772880554,4.164532661437988,4.272731304168701,4.306926250457764
-3.2372493743896484,0.12334785796701908,0.2890627831220627,0.7636682987213135,10.735754013061523
-4.20369815826416,3.8773773908615112,4.157790184020996,4.270767688751221,4.306968688964844
-3.162487745285034,0.11369962058961391,0.29422007501125336,0.7571746110916138,9.090206146240234
-4.258584022521973,3.8447673320770264,4.141924619674683,4.267107009887695,4.306926727294922
-4.978783130645752,0.13089658692479134,0.29102009534835815,0.7604790776968002,9.082258224487305
-4.2083330154418945,3.84526127576828,4.140999794006348,4.266308784484863,4.306990623474121
-2.0327675342559814,0.06869073584675789,0.2618595063686371,0.7402892112731934,17.03547477722168
-4.167665481567383,3.8670687675476074,4.151648759841919,4.2690863609313965,4.306944370269775
-2.950108289718628,0.07337565533816814,0.24858849495649338,0.699129045009613,11.31867790222168
-4.233512878417969,3.8774325847625732,4.157654523849487,4.270596623420715,4.306945323944092
-4.241899013519287,0.09430778585374355,0.2542390674352646,0.7128038108348846,10.141153335571289
-4.394308090209961,3.8699872493743896,4.154897451400757,4.270440220832825,4.30708646774292
-2.1551151275634766,0.1218271292746067,0.27962735295295715,0.7472336739301682,15.179967880249023
-4.284690856933594,3.8659207224845886,4.1489622592926025,4.269195556640625,4.307090759277344
-2.5457959175109863,0.13931580260396004,0.3083474785089493,0.7705314606428146,10.350517272949219
-3.833698272705078,3.864762783050537,4.146685600280762,4.269062638282776,4.307294845581055
-3.073068618774414,0.1087251789867878,0.26338915526866913,0.7185310274362564,9.256096839904785
-3.7093725204467773,3.858755946159363,4.147096872329712,4.269338607788086,4.307011127471924
-4.877216339111328,0.11960769817233086,0.28219370543956757,0.7447130233049393,12.139817237854004
-3.950253486633301,3.8689382672309875,4.151304006576538,4.269383788108826,4.3069682121276855
-4.617184162139893,0.1403898261487484,0.2911394238471985,0.7471046149730682,15.223835945129395
-3.8255748748779297,3.8792325854301453,4.155574083328247,4.270827651023865,4.3069658279418945
-3.220557451248169,0.11383651942014694,0.26696281135082245,0.7091774940490723,12.133501052856445
-3.8954544067382812,3.8709033727645874,4.151617527008057,4.26965606212616,4.306922435760498
-3.1745169162750244,0.12111261859536171,0.2894601672887802,0.7487678527832031,14.324073791503906
-4.279687881469727,3.8565428853034973,4.145132303237915,4.268053293228149,4.307498455047607
